season,first_name,last_name,jersey,position,games_played,points,total_goals,1pt_goals,2pt_goals,scoring_points,assists,shots,shot_pct,shots_on_goal,sog_pct,2pt_shots,2pt_shot_pct,2pt_shots_on_goal,groundballs,turnovers,caused_turnovers,faceoffs,faceoff_wins,faceoff_losses,faceoff_pct,saves,save_pct,scores_against,scores_against_average,2pt_goals_against,2pt_gaa,time_on_field,total_penalties,penalty_minutes,power_play_goals,power_play_shots,short_handed_goals,short_handed_shots,short_handed_goals_against,power_play_goals_against
2023,Matt,DeLuca,1.0,G,3,0,0,0,0,0,0,0,0.0,0,0.0,0,0.0,0,3,0,3,0,0,0,0.0,32,0.542372881355932,27,10.062111801242237,0,0.0,7728,0,0.0,0,0,0,0,,2
2023,Alexander,Smith,39.0,SSDM,3,1,0,0,0,0,1,1,0.0,1,1.0,0,0.0,0,2,0,2,0,0,0,0.0,0,0.0,0,0.0,0,0.0,0,1,0.5,0,0,0,0,,0
2023,Chris,Gray,4.0,A,3,10,6,5,1,7,3,25,0.24,15,0.6,2,0.5,1,2,4,0,0,0,0,0.0,0,0.0,0,0.0,0,0.0,0,0,0.0,0,1,0,0,,0
2023,Arden,Cohen,40.0,D,3,0,0,0,0,0,0,0,0.0,0,0.0,0,0.0,0,4,2,1,0,0,0,0.0,0,0.0,0,0.0,0,0.0,0,0,0.0,0,0,0,0,,0
2023,Matt,Moore,11.0,M,3,5,3,3,0,3,2,19,0.1578947368421052,14,0.7368421052631579,3,0.0,3,4,2,0,0,0,0,0.0,0,0.0,0,0.0,0,0.0,0,0,0.0,0,1,0,0,,0
2023,Koby,Smith,0.0,LSM,0,0,0,0,0,0,0,0,0.0,0,0.0,0,0.0,0,0,0,0,0,0,0,0.0,0,0.0,0,0.0,0,0.0,0,0,0.0,0,0,0,0,,0
2023,Bubba,Fairman,2.0,SSDM,3,1,0,0,0,0,1,1,0.0,1,1.0,0,0.0,0,5,0,2,0,0,0,0.0,0,0.0,0,0.0,0,0.0,0,1,0.5,0,0,0,0,,0
2023,Brett,Dobson,45.0,G,3,0,0,0,0,0,0,0,0.0,0,0.0,0,0.0,0,4,1,1,0,0,0,0.0,46,0.58974358974359,34,11.376786336702684,2,0.669222725688392,8607,1,1.0,0,0,0,0,,3
2023,Brendan,Curry,16.0,M,3,4,4,4,0,4,0,7,0.5714285714285714,4,0.5714285714285714,0,0.0,0,2,1,0,0,0,0,0.0,0,0.0,0,0.0,0,0.0,0,0,0.0,0,0,0,0,,0
2023,Wheaton,Jackoboice,15.0,M,0,0,0,0,0,0,0,0,0.0,0,0.0,0,0.0,0,0,0,0,0,0,0,0.0,0,0.0,0,0.0,0,0.0,0,0,0.0,0,0,0,0,,0
2023,Dillon,Ward,37.0,G,1,0,0,0,0,0,0,0,0.0,0,0.0,0,0.0,0,0,0,0,0,0,0,0.0,7,0.5,8,21.55285313376988,1,2.69410664172123,1069,0,0.0,0,0,0,0,,0
2023,Connor,Kelly,40.0,M,3,14,9,5,4,13,1,23,0.391304347826087,13,0.5652173913043478,11,0.3636363636363636,6,2,4,1,0,0,0,0.0,0,0.0,0,0.0,0,0.0,0,0,0.0,1,2,0,0,,0
2023,Zed,Williams,36.0,A,2,5,4,4,0,4,1,14,0.2857142857142857,9,0.6428571428571429,0,0.0,0,1,5,0,0,0,0,0.0,0,0.0,0,0.0,0,0.0,0,0,0.0,0,1,0,0,,0
2023,Colin,Squires,39.0,LSM,3,3,1,0,1,2,1,2,0.5,1,0.5,2,0.5,1,2,0,2,8,2,6,0.25,0,0.0,0,0.0,0,0.0,0,0,0.0,0,0,0,0,,0
2023,Colin,Kirst,5.0,G,2,0,0,0,0,0,0,0,0.0,0,0.0,0,0.0,0,1,2,0,0,0,0,0.0,16,0.5,16,13.102075632641457,0,0.0,3517,0,0.0,0,0,0,0,,1
2023,Owen,McElroy,24.0,G,1,0,0,0,0,0,0,0,0.0,0,0.0,0,0.0,0,0,0,0,0,0,0,0.0,0,0.0,0,0.0,0,0.0,24,0,0.0,0,0,0,0,,0
2023,Jackson,Reid,29.0,A,2,0,0,0,0,0,0,4,0.0,4,1.0,0,0.0,0,0,2,0,0,0,0,0.0,0,0.0,0,0.0,0,0.0,0,0,0.0,0,0,0,0,,0
2023,Jon,Robbins,41.0,LSM,3,1,1,1,0,1,0,2,0.5,1,0.5,0,0.0,0,4,0,2,0,0,0,0.0,0,0.0,0,0.0,0,0.0,0,0,0.0,0,0,0,0,,0
2023,Ryan,Aughavin,42.0,M,1,0,0,0,0,0,0,3,0.0,1,0.3333333333333333,0,0.0,0,1,0,0,0,0,0,0.0,0,0.0,0,0.0,0,0.0,0,0,0.0,0,0,0,0,,0
2023,Colin,Hinton,2.0,D,0,0,0,0,0,0,0,0,0.0,0,0.0,0,0.0,0,0,0,0,0,0,0,0.0,0,0.0,0,0.0,0,0.0,0,0,0.0,0,0,0,0,,0
2023,Kevin,Lindley,33.0,A,1,0,0,0,0,0,0,2,0.0,0,0.0,0,0.0,0,0,0,0,0,0,0,0.0,0,0.0,0,0.0,0,0.0,0,0,0.0,0,1,0,0,,0
2023,John,Geppert,7.0,LSM,0,0,0,0,0,0,0,0,0.0,0,0.0,0,0.0,0,0,0,0,0,0,0,0.0,0,0.0,0,0.0,0,0.0,0,0,0.0,0,0,0,0,,0
2023,Ryan,Lee,45.0,A,0,0,0,0,0,0,0,0,0.0,0,0.0,0,0.0,0,0,0,0,0,0,0,0.0,0,0.0,0,0.0,0,0.0,0,0,0.0,0,0,0,0,,0
2023,John,Sexton,46.0,LSM,3,2,1,1,0,1,1,3,0.3333333333333333,1,0.3333333333333333,1,0.0,0,7,1,0,1,0,1,0.0,0,0.0,0,0.0,0,0.0,0,0,0.0,0,0,0,0,,0
2023,Ryder,Garnsey,50.0,A,3,16,14,14,0,14,2,23,0.6086956521739131,16,0.6956521739130435,0,0.0,0,3,3,0,0,0,0,0.0,0,0.0,0,0.0,0,0.0,0,0,0.0,0,0,0,0,,0
2023,Garrett,Epple,52.0,D,3,0,0,0,0,0,0,0,0.0,0,0.0,0,0.0,0,6,2,6,0,0,0,0.0,0,0.0,0,0.0,0,0.0,0,0,0.0,0,0,0,0,,0
2023,Jack,Kelly,94.0,G,3,0,0,0,0,0,0,1,0.0,0,0.0,1,0.0,0,4,1,2,0,0,0,0.0,41,0.532467532467532,39,12.999999999999998,3,1.0,8640,0,0.0,0,0,0,0,,1
2023,Tim,Troutner,0.0,G,0,0,0,0,0,0,0,0,0.0,0,0.0,0,0.0,0,0,0,0,0,0,0,0.0,0,0.0,0,0.0,0,0.0,0,0,0.0,0,0,0,0,,0
2023,Kieran,McArdle,6.0,A,3,7,4,4,0,4,3,20,0.2,12,0.6,1,0.0,1,5,9,0,0,0,0,0.0,0,0.0,0,0.0,0,0.0,0,0,0.0,0,2,0,0,,0
2023,Justin,Guterding,14.0,M,0,0,0,0,0,0,0,0,0.0,0,0.0,0,0.0,0,0,0,0,0,0,0,0.0,0,0.0,0,0.0,0,0.0,0,0,0.0,0,0,0,0,,0
2023,Kyle,Borda,2.0,M,2,0,0,0,0,0,0,3,0.0,3,1.0,0,0.0,0,0,0,0,0,0,0,0.0,0,0.0,0,0.0,0,0.0,0,0,0.0,0,0,0,0,,0
2023,Jeff,Conner,4.0,M,1,2,1,1,0,1,1,1,1.0,1,1.0,0,0.0,0,0,0,0,0,0,0,0.0,0,0.0,0,0.0,0,0.0,0,0,0.0,0,0,0,0,,0
2023,Jack,Traynor,5.0,A,0,0,0,0,0,0,0,0,0.0,0,0.0,0,0.0,0,0,0,0,0,0,0,0.0,0,0.0,0,0.0,0,0.0,0,0,0.0,0,0,0,0,,0
2023,Grayson,Sallade,32.0,SSDM,1,0,0,0,0,0,0,0,0.0,0,0.0,0,0.0,0,2,0,0,0,0,0,0.0,0,0.0,0,0.0,0,0.0,0,0,0.0,0,0,0,0,,0
2023,Ben,Randall,44.0,D,3,0,0,0,0,0,0,1,0.0,1,1.0,1,0.0,1,9,0,3,0,0,0,0.0,0,0.0,0,0.0,0,0.0,0,0,0.0,0,0,0,0,,0
2023,Christian,Scarpello,50.0,SSDM,2,0,0,0,0,0,0,0,0.0,0,0.0,0,0.0,0,2,0,0,0,0,0,0.0,0,0.0,0,0.0,0,0.0,0,1,1.0,0,0,0,0,,0
2023,Ethan,Walker,57.0,A,3,5,3,3,0,3,2,9,0.3333333333333333,7,0.7777777777777778,0,0.0,0,5,0,0,0,0,0,0.0,0,0.0,0,0.0,0,0.0,0,0,0.0,0,0,0,0,,0
2023,Jason,Rose,9.0,G,0,0,0,0,0,0,0,0,0.0,0,0.0,0,0.0,0,0,0,0,0,0,0,0.0,0,0.0,0,0.0,0,0.0,0,0,0.0,0,0,0,0,,0
2023,Patrick,Shoemay,,D,0,0,0,0,0,0,0,0,0.0,0,0.0,0,0.0,0,0,0,0,0,0,0,0.0,0,0.0,0,0.0,0,0.0,0,0,0.0,0,0,0,0,,0
2023,Challen,Rogers,23.0,M,1,1,1,1,0,1,0,2,0.5,1,0.5,0,0.0,0,0,1,0,0,0,0,0.0,0,0.0,0,0.0,0,0.0,0,0,0.0,0,0,0,0,,0
2023,Matt,Rambo,9.0,A,3,14,8,8,0,8,6,10,0.8,9,0.9,0,0.0,0,7,5,1,0,0,0,0.0,0,0.0,0,0.0,0,0.0,0,0,0.0,0,0,0,0,,0
2023,Will,Perry,23.0,M,3,3,3,3,0,3,0,12,0.25,7,0.5833333333333334,0,0.0,0,3,1,0,0,0,0,0.0,0,0.0,0,0.0,0,0.0,0,0,0.0,0,1,0,0,,0
2023,Tim,Muller,14.0,D,3,0,0,0,0,0,0,0,0.0,0,0.0,0,0.0,0,5,1,4,0,0,0,0.0,0,0.0,0,0.0,0,0.0,0,0,0.0,0,0,0,0,,0
2023,Clarke,Petterson,45.0,A,0,0,0,0,0,0,0,0,0.0,0,0.0,0,0.0,0,0,0,0,0,0,0,0.0,0,0.0,0,0.0,0,0.0,0,0,0.0,0,0,0,0,,0
2023,Marc,O'Rourke,60.0,A,3,2,1,1,0,1,1,7,0.1428571428571428,5,0.7142857142857143,2,0.0,2,1,1,0,0,0,0,0.0,0,0.0,0,0.0,0,0.0,0,0,0.0,0,0,0,0,,0
2023,Connor,DeSimone,3.0,A,2,1,1,1,0,1,0,7,0.1428571428571428,5,0.7142857142857143,0,0.0,0,1,1,0,0,0,0,0.0,0,0.0,0,0.0,0,0.0,0,0,0.0,0,0,0,0,,0
2023,Mike,Adler,1.0,G,0,0,0,0,0,0,0,0,0.0,0,0.0,0,0.0,0,0,0,0,0,0,0,0.0,0,0.0,0,0.0,0,0.0,0,0,0.0,0,0,0,0,,0
2023,Bradley,Voigt,8.0,A,1,1,1,1,0,1,0,2,0.5,2,1.0,0,0.0,0,2,4,0,0,0,0,0.0,0,0.0,0,0.0,0,0.0,0,0,0.0,0,0,0,0,,0
2023,Anthony,DeMaio,77.0,M,2,0,0,0,0,0,0,7,0.0,4,0.5714285714285714,1,0.0,1,1,0,0,0,0,0,0.0,0,0.0,0,0.0,0,0.0,0,0,0.0,0,0,0,0,,0
2023,Zac,Tucci,8.0,FO,1,0,0,0,0,0,0,1,0.0,1,1.0,0,0.0,0,3,1,1,14,4,10,0.2857142857142857,0,0.0,0,0.0,0,0.0,0,0,0.0,0,0,0,0,,0
2023,Bailey,Savio,24.0,FO,0,0,0,0,0,0,0,0,0.0,0,0.0,0,0.0,0,0,0,0,0,0,0,0.0,0,0.0,0,0.0,0,0.0,0,0,0.0,0,0,0,0,,0
2023,Brendan,Krebs,0.0,G,0,0,0,0,0,0,0,0,0.0,0,0.0,0,0.0,0,0,0,0,0,0,0,0.0,0,0.0,0,0.0,0,0.0,0,0,0.0,0,0,0,0,,0
2023,Chris,Merle,23.0,SSDM,2,0,0,0,0,0,0,1,0.0,1,1.0,0,0.0,0,4,3,0,0,0,0,0.0,0,0.0,0,0.0,0,0.0,0,0,0.0,0,0,0,0,,0
2023,Jakob,Phaup,37.0,FO,0,0,0,0,0,0,0,0,0.0,0,0.0,0,0.0,0,0,0,0,0,0,0,0.0,0,0.0,0,0.0,0,0.0,0,0,0.0,0,0,0,0,,0
2023,Ryan,Kennedy,35.0,D,2,0,0,0,0,0,0,1,0.0,1,1.0,1,0.0,1,4,2,2,0,0,0,0.0,0,0.0,0,0.0,0,0.0,0,0,0.0,0,0,0,0,,0
2023,Matt,Rahill,9.0,D,0,0,0,0,0,0,0,0,0.0,0,0.0,0,0.0,0,0,0,0,0,0,0,0.0,0,0.0,0,0.0,0,0.0,0,0,0.0,0,0,0,0,,0
2023,Kyle,Hartzell,81.0,LSM,1,0,0,0,0,0,0,0,0.0,0,0.0,0,0.0,0,1,0,2,1,0,1,0.0,0,0.0,0,0.0,0,0.0,0,0,0.0,0,0,0,0,,0
2023,Michael,Sowers,22.0,A,3,8,4,4,0,4,4,26,0.1538461538461538,17,0.6538461538461539,2,0.0,0,1,6,0,0,0,0,0.0,0,0.0,0,0.0,0,0.0,0,1,1.0,1,4,0,0,,0
2023,Brett,Kennedy,11.0,D,0,0,0,0,0,0,0,0,0.0,0,0.0,0,0.0,0,0,0,0,0,0,0,0.0,0,0.0,0,0.0,0,0.0,0,0,0.0,0,0,0,0,,0
2023,Asher,Nolting,32.0,A,3,13,5,5,0,5,8,21,0.238095238095238,14,0.6666666666666666,0,0.0,0,5,7,1,0,0,0,0.0,0,0.0,0,0.0,0,0.0,0,1,0.5,1,2,0,0,,0
2023,Matt,Whitcher,33.0,SSDM,3,2,2,2,0,2,0,5,0.4,3,0.6,0,0.0,0,4,0,1,0,0,0,0.0,0,0.0,0,0.0,0,0.0,0,0,0.0,0,0,0,0,,0
2023,Tyler,Warner,5.0,SSDM,3,1,1,1,0,1,0,1,1.0,1,1.0,0,0.0,0,6,2,1,0,0,0,0.0,0,0.0,0,0.0,0,0.0,0,0,0.0,0,0,0,0,,0
2023,Matt,Kavanagh,50.0,A,3,5,4,4,0,4,1,18,0.2222222222222222,10,0.5555555555555556,0,0.0,0,9,5,2,0,0,0,0.0,0,0.0,0,0.0,0,0.0,0,1,0.5,1,1,0,0,,0
2023,Eddy,Glazener,30.0,D,3,0,0,0,0,0,0,2,0.0,1,0.5,2,0.0,1,4,2,3,0,0,0,0.0,0,0.0,0,0.0,0,0.0,0,1,1.0,0,0,0,0,,0
2023,Chet,Comizio,57.0,SSDM,1,0,0,0,0,0,0,1,0.0,1,1.0,0,0.0,0,2,0,0,0,0,0,0.0,0,0.0,0,0.0,0,0.0,0,0,0.0,0,0,0,0,,0
2023,Finn,Sullivan,36.0,D,2,0,0,0,0,0,0,0,0.0,0,0.0,0,0.0,0,3,1,0,0,0,0,0.0,0,0.0,0,0.0,0,0.0,0,0,0.0,0,0,0,0,,0
2023,Eli,Gobrecht,25.0,D,3,0,0,0,0,0,0,0,0.0,0,0.0,0,0.0,0,8,2,4,20,2,18,0.1,0,0.0,0,0.0,0,0.0,0,1,1.0,0,0,0,0,,0
2023,Jack,Rowlett,99.0,D,3,0,0,0,0,0,0,3,0.0,1,0.3333333333333333,3,0.0,1,6,1,1,4,2,2,0.5,0,0.0,0,0.0,0,0.0,0,3,2.5,0,0,0,0,,0
2023,Peyton,Smith,3.0,FO,0,0,0,0,0,0,0,0,0.0,0,0.0,0,0.0,0,0,0,0,0,0,0,0.0,0,0.0,0,0.0,0,0.0,0,0,0.0,0,0,0,0,,0
2023,Nakeie,Montgomery,1.0,M,3,3,0,0,0,0,3,10,0.0,5,0.5,3,0.0,2,11,0,0,0,0,0,0.0,0,0.0,0,0.0,0,0.0,0,0,0.0,0,0,0,0,,0
2023,Isaiah,Davis-Allen,26.0,SSDM,3,0,0,0,0,0,0,0,0.0,0,0.0,0,0.0,0,6,1,1,4,1,3,0.25,0,0.0,0,0.0,0,0.0,0,1,1.0,0,0,0,0,,0
2023,Nick,Grill,8.0,LSM,3,1,0,0,0,0,1,0,0.0,0,0.0,0,0.0,0,3,0,2,0,0,0,0.0,0,0.0,0,0.0,0,0.0,0,1,0.5,0,0,0,0,,0
2023,Chris,Aslanian,3.0,M,3,5,4,3,1,5,0,13,0.3076923076923077,9,0.6923076923076923,4,0.25,3,1,1,0,0,0,0,0.0,0,0.0,0,0.0,0,0.0,0,0,0.0,1,1,0,1,,0
2023,Bryce,Young,41.0,D,3,1,1,1,0,1,0,2,0.5,1,0.5,1,0.0,0,4,3,1,0,0,0,0.0,0,0.0,0,0.0,0,0.0,0,0,0.0,0,0,0,0,,0
2023,Jake,Bernhardt,83.0,SSDM,1,0,0,0,0,0,0,0,0.0,0,0.0,0,0.0,0,0,0,0,0,0,0,0.0,0,0.0,0,0.0,0,0.0,0,0,0.0,0,0,0,0,,0
2023,Jesse,King,19.0,M,0,0,0,0,0,0,0,0,0.0,0,0.0,0,0.0,0,0,0,0,0,0,0,0.0,0,0.0,0,0.0,0,0.0,0,0,0.0,0,0,0,0,,0
2023,JT,Giles-Harris,1.0,D,3,0,0,0,0,0,0,0,0.0,0,0.0,0,0.0,0,1,0,1,0,0,0,0.0,0,0.0,0,0.0,0,0.0,0,0,0.0,0,0,0,0,,0
2023,Charlie,Kitchen,11.0,A,0,0,0,0,0,0,0,0,0.0,0,0.0,0,0.0,0,0,0,0,0,0,0,0.0,0,0.0,0,0.0,0,0.0,0,0,0.0,0,0,0,0,,0
2023,Pat,Aslanian,9.0,SSDM,3,0,0,0,0,0,0,2,0.0,1,0.5,0,0.0,0,2,2,0,0,0,0,0.0,0,0.0,0,0.0,0,0.0,0,0,0.0,0,0,0,0,,0
2023,Jonathan,Donville,33.0,M,3,4,2,2,0,2,2,8,0.25,5,0.625,0,0.0,0,3,3,0,0,0,0,0.0,0,0.0,0,0.0,0,0.0,0,0,0.0,1,2,0,0,,0
2023,Justin,Inacio,30.0,FO,0,0,0,0,0,0,0,0,0.0,0,0.0,0,0.0,0,0,0,0,0,0,0,0.0,0,0.0,0,0.0,0,0.0,0,0,0.0,0,0,0,0,,0
2023,Keegan,Khan,76.0,M,2,2,1,1,0,1,1,3,0.3333333333333333,2,0.6666666666666666,0,0.0,0,0,1,0,0,0,0,0.0,0,0.0,0,0.0,0,0.0,0,0,0.0,1,1,0,0,,0
2023,Max,Wayne,66.0,D,1,0,0,0,0,0,0,0,0.0,0,0.0,0,0.0,0,4,0,1,0,0,0,0.0,0,0.0,0,0.0,0,0.0,0,1,1.0,0,0,0,0,,0
2023,Zach,Geddes,13.0,SSDM,3,1,0,0,0,0,1,0,0.0,0,0.0,0,0.0,0,7,2,1,0,0,0,0.0,0,0.0,0,0.0,0,0.0,0,1,0.5,0,0,0,0,,0
2023,Jake,Higgins,41.0,SSDM,2,0,0,0,0,0,0,0,0.0,0,0.0,0,0.0,0,2,1,1,0,0,0,0.0,0,0.0,0,0.0,0,0.0,0,0,0.0,0,0,0,0,,0
2023,Payton,Rezanka,,SSDM,0,0,0,0,0,0,0,0,0.0,0,0.0,0,0.0,0,0,0,0,0,0,0,0.0,0,0.0,0,0.0,0,0.0,0,0,0.0,0,0,0,0,,0
2023,Zach,Currier,77.0,M,3,7,4,4,0,4,3,8,0.5,6,0.75,1,0.0,0,12,2,4,6,2,4,0.3333333333333333,0,0.0,0,0.0,0,0.0,0,0,0.0,0,0,0,0,,0
2023,Eli,McLaughlin,51.0,M,0,0,0,0,0,0,0,0,0.0,0,0.0,0,0.0,0,0,0,0,0,0,0,0.0,0,0.0,0,0.0,0,0.0,0,0,0.0,0,0,0,0,,0
2023,Alex,Simmons,19.0,A,0,0,0,0,0,0,0,0,0.0,0,0.0,0,0.0,0,0,0,0,0,0,0,0.0,0,0.0,0,0.0,0,0.0,0,0,0.0,0,0,0,0,,0
2023,Mike,Chanenchuk,1.0,M,3,8,3,3,0,3,5,14,0.2142857142857142,8,0.5714285714285714,4,0.0,1,1,2,0,0,0,0,0.0,0,0.0,0,0.0,0,0.0,0,0,0.0,1,5,0,0,,0
2023,Thomas,McConvey,12.0,M,0,0,0,0,0,0,0,0,0.0,0,0.0,0,0.0,0,0,0,0,0,0,0,0.0,0,0.0,0,0.0,0,0.0,0,0,0.0,0,0,0,0,,0
2023,Zach,Cole,10.0,FO,0,0,0,0,0,0,0,0,0.0,0,0.0,0,0.0,0,0,0,0,0,0,0,0.0,0,0.0,0,0.0,0,0.0,0,0,0.0,0,0,0,0,,0
2023,Jack,Hannah,3.0,M,1,0,0,0,0,0,0,5,0.0,4,0.8,0,0.0,0,1,1,0,0,0,0,0.0,0,0.0,0,0.0,0,0.0,0,0,0.0,0,0,0,0,,0
2023,Sean,Lulley,23.0,M,1,0,0,0,0,0,0,5,0.0,4,0.8,0,0.0,0,2,1,0,0,0,0,0.0,0,0.0,0,0.0,0,0.0,0,0,0.0,0,0,0,0,,0
2023,Mike,Sisselberger,99.0,FO,3,3,2,2,0,2,1,4,0.5,4,1.0,0,0.0,0,28,3,0,78,51,27,0.6538461538461539,0,0.0,0,0.0,0,0.0,0,0,0.0,0,0,0,0,,0
2023,Connor,Maher,31.0,SSDM,3,3,2,2,0,2,1,2,1.0,2,1.0,0,0.0,0,5,1,1,0,0,0,0.0,0,0.0,0,0.0,0,0.0,0,0,0.0,0,0,0,0,,0
2023,Piper,Bond,54.0,SSDM,3,1,0,0,0,0,1,4,0.0,1,0.25,2,0.0,1,3,2,1,0,0,0,0.0,0,0.0,0,0.0,0,0.0,0,0,0.0,0,0,0,0,,0
2023,Cam,Wyers,20.0,D,0,0,0,0,0,0,0,0,0.0,0,0.0,0,0.0,0,0,0,0,0,0,0,0.0,0,0.0,0,0.0,0,0.0,0,0,0.0,0,0,0,0,,0
2023,Gavin,Adler,88.0,D,3,0,0,0,0,0,0,0,0.0,0,0.0,0,0.0,0,4,0,6,0,0,0,0.0,0,0.0,0,0.0,0,0.0,0,0,0.0,0,0,0,0,,0
2023,Brett,Makar,43.0,D,3,0,0,0,0,0,0,0,0.0,0,0.0,0,0.0,0,14,2,1,0,0,0,0.0,0,0.0,0,0.0,0,0.0,0,1,0.5,0,0,0,0,,0
2023,Xander,Dickson,10.0,A,3,9,5,5,0,5,4,9,0.5555555555555556,6,0.6666666666666666,0,0.0,0,5,7,1,0,0,0,0.0,0,0.0,0,0.0,0,0.0,0,1,1.0,0,0,0,0,,0
2023,Ethan,Rall,35.0,LSM,2,0,0,0,0,0,0,0,0.0,0,0.0,0,0.0,0,10,1,3,2,0,2,0.0,0,0.0,0,0.0,0,0.0,0,0,0.0,0,0,0,0,,0
2023,Jarrod,Neumann,88.0,D,3,2,1,0,1,2,0,3,0.3333333333333333,1,0.3333333333333333,3,0.3333333333333333,1,7,0,0,0,0,0,0.0,0,0.0,0,0.0,0,0.0,0,2,1.0,0,0,0,0,,0
2023,Dhane,Smith,92.0,M,1,3,1,1,0,1,2,2,0.5,2,1.0,0,0.0,0,0,2,0,0,0,0,0.0,0,0.0,0,0.0,0,0.0,0,0,0.0,0,0,0,0,,0
2023,Chase,Fraser,95.0,A,1,3,3,3,0,3,0,6,0.5,6,1.0,0,0.0,0,4,1,1,0,0,0,0.0,0,0.0,0,0.0,0,0.0,0,0,0.0,0,0,0,0,,0
2023,Eli,Salama,3.0,LSM,3,1,0,0,0,0,1,2,0.0,1,0.5,2,0.0,1,6,1,2,0,0,0,0.0,0,0.0,0,0.0,0,0.0,0,0,0.0,0,0,0,0,,0
2023,Jackson,Morrill,4.0,M,3,12,7,7,0,7,5,15,0.4666666666666667,13,0.8666666666666667,0,0.0,0,3,2,1,0,0,0,0.0,0,0.0,0,0.0,0,0.0,0,0,0.0,1,1,0,0,,0
2023,Michael,Manley,5.0,D,3,1,1,1,0,1,0,4,0.25,3,0.75,2,0.0,1,7,3,2,0,0,0,0.0,0,0.0,0,0.0,0,0.0,0,1,1.0,0,0,0,0,,0
2023,Will,Haus,6.0,SSDM,3,1,0,0,0,0,1,1,0.0,1,1.0,0,0.0,0,6,0,0,0,0,0,0.0,0,0.0,0,0.0,0,0.0,0,1,0.5,0,0,0,0,,0
2023,Dylan,Molloy,17.0,A,1,2,2,2,0,2,0,7,0.2857142857142857,6,0.8571428571428571,1,0.0,1,0,4,0,0,0,0,0.0,0,0.0,0,0.0,0,0.0,0,0,0.0,0,0,0,0,,0
2023,Nick,Washuta,18.0,G,1,0,0,0,0,0,0,0,0.0,0,0.0,0,0.0,0,0,0,0,0,0,0,0.0,0,0.0,1,87.27272727272728,0,0.0,33,0,0.0,0,0,0,0,,1
2023,Justin,Anderson,21.0,M,3,6,5,5,0,5,1,14,0.3571428571428571,9,0.6428571428571429,1,0.0,1,1,4,2,0,0,0,0.0,0,0.0,0,0.0,0,0.0,0,0,0.0,1,1,0,0,,0
2023,Connor,Farrell,25.0,FO,3,0,0,0,0,0,0,1,0.0,1,1.0,0,0.0,0,30,5,1,73,44,28,0.6027397260273972,0,0.0,0,0.0,0,0.0,0,0,0.0,0,0,0,0,,0
2023,Jordan,MacIntosh,29.0,M,3,2,2,2,0,2,0,6,0.3333333333333333,3,0.5,0,0.0,0,2,4,0,0,0,0,0.0,0,0.0,0,0.0,0,0.0,0,0,0.0,0,0,0,0,,0
2023,Ryan,Terefenko,34.0,SSDM,3,2,2,2,0,2,0,4,0.5,3,0.75,0,0.0,0,6,2,1,0,0,0,0.0,0,0.0,0,0.0,0,0.0,0,1,0.5,0,0,0,0,,0
2023,Jesse,Bernhardt,36.0,D,2,0,0,0,0,0,0,0,0.0,0,0.0,0,0.0,0,5,1,2,0,0,0,0.0,0,0.0,0,0.0,0,0.0,0,0,0.0,0,0,0,0,,0
2023,Sean,Sconone,50.0,G,3,0,0,0,0,0,0,0,0.0,0,0.0,0,0.0,0,4,1,0,0,0,0,0.0,28,0.444444444444444,37,12.367688022284122,2,0.668523676880224,8616,0,0.0,0,0,0,0,,4
2023,Greg,Weyl,57.0,D,0,0,0,0,0,0,0,0,0.0,0,0.0,0,0.0,0,0,0,0,0,0,0,0.0,0,0.0,0,0.0,0,0.0,0,0,0.0,0,0,0,0,,0
2023,Kevin,Rogers,77.0,M,0,0,0,0,0,0,0,0,0.0,0,0.0,0,0.0,0,0,0,0,0,0,0,0.0,0,0.0,0,0.0,0,0.0,0,0,0.0,0,0,0,0,,0
2023,Matt,Campbell,20.0,M,3,8,4,3,1,5,3,10,0.4,6,0.6,1,1.0,1,0,5,0,0,0,0,0.0,0,0.0,0,0.0,0,0.0,0,0,0.0,0,0,0,0,,0
2023,Mikie,Schlosser,59.0,M,0,0,0,0,0,0,0,0,0.0,0,0.0,0,0.0,0,0,0,0,0,0,0,0.0,0,0.0,0,0.0,0,0.0,0,0,0.0,0,0,0,0,,0
2023,Nick,Cardile,43.0,D,0,0,0,0,0,0,0,0,0.0,0,0.0,0,0.0,0,0,0,0,0,0,0,0.0,0,0.0,0,0.0,0,0.0,0,0,0.0,0,0,0,0,,0
2023,Will,Bowen,24.0,D,3,0,0,0,0,0,0,0,0.0,0,0.0,0,0.0,0,9,2,4,0,0,0,0.0,0,0.0,0,0.0,0,0.0,0,0,0.0,0,0,0,0,,0
2023,Brian,Minicus,7.0,A,3,6,4,4,0,4,2,20,0.2,9,0.45,0,0.0,0,4,5,0,0,0,0,0.0,0,0.0,0,0.0,0,0.0,0,0,0.0,1,1,0,0,,0
2023,Tye,Kurtz,82.0,A,0,0,0,0,0,0,0,0,0.0,0,0.0,0,0.0,0,0,0,0,0,0,0,0.0,0,0.0,0,0.0,0,0.0,0,0,0.0,0,0,0,0,,0
2023,Nick,Rowlett,73.0,FO,3,2,1,1,0,1,1,2,0.5,2,1.0,0,0.0,0,21,4,1,69,34,35,0.4927536231884058,0,0.0,0,0.0,0,0.0,0,0,0.0,0,0,0,0,,0
2023,Troy,Hettinger,9.0,LSM,1,0,0,0,0,0,0,0,0.0,0,0.0,0,0.0,0,5,0,1,0,0,0,0.0,0,0.0,0,0.0,0,0.0,0,0,0.0,0,0,0,0,,0
2023,Jack,Myers,11.0,A,0,0,0,0,0,0,0,0,0.0,0,0.0,0,0.0,0,0,0,0,0,0,0,0.0,0,0.0,0,0.0,0,0.0,0,0,0.0,0,0,0,0,,0
2023,Sam,Handley,26.0,M,3,2,1,1,0,1,1,10,0.1,5,0.5,2,0.0,2,3,1,1,0,0,0,0.0,0,0.0,0,0.0,0,0.0,0,1,0.5,0,2,0,0,,0
2023,Cross,Ferrara,22.0,A,3,4,2,2,0,2,2,18,0.1111111111111111,11,0.6111111111111112,0,0.0,0,3,2,0,0,0,0,0.0,0,0.0,0,0.0,0,0.0,0,0,0.0,0,0,0,0,,0
2023,Cole,Kirst,47.0,M,2,3,2,2,0,2,1,8,0.25,5,0.625,2,0.0,0,2,1,0,0,0,0,0.0,0,0.0,0,0.0,0,0.0,0,0,0.0,0,0,0,0,,0
2023,Owen,Grant,81.0,D,1,0,0,0,0,0,0,3,0.0,1,0.3333333333333333,2,0.0,0,1,0,1,0,0,0,0.0,0,0.0,0,0.0,0,0.0,0,1,1.0,0,0,0,0,,0
2023,Rob,Pannell,3.0,A,3,11,5,5,0,5,6,21,0.238095238095238,10,0.4761904761904761,1,0.0,0,7,8,0,0,0,0,0.0,0,0.0,0,0.0,0,0.0,0,1,0.5,0,0,0,0,,0
2023,TD,Ierlan,6.0,FO,3,2,1,1,0,1,1,2,0.5,2,1.0,0,0.0,0,20,2,1,77,42,35,0.5454545454545454,0,0.0,0,0.0,0,0.0,0,0,0.0,0,0,0,0,,0
2023,Jules,Heningburg,7.0,M,3,4,2,2,0,2,2,8,0.25,4,0.5,1,0.0,0,0,4,0,0,0,0,0.0,0,0.0,0,0.0,0,0.0,0,0,0.0,0,0,0,0,,0
2023,Myles,Jones,15.0,M,3,2,2,2,0,2,0,10,0.2,7,0.7,2,0.0,2,3,2,0,0,0,0,0.0,0,0.0,0,0.0,0,0.0,0,1,1.0,0,1,0,0,,0
2023,Sergio,Perkovic,16.0,M,3,0,0,0,0,0,0,11,0.0,2,0.1818181818181818,1,0.0,0,4,4,1,0,0,0,0.0,0,0.0,0,0.0,0,0.0,0,2,3.0,0,0,0,0,,0
2023,Roman,Puglise,8.0,SSDM,3,0,0,0,0,0,0,2,0.0,0,0.0,0,0.0,0,6,1,1,0,0,0,0.0,0,0.0,0,0.0,0,0.0,0,0,0.0,0,1,0,0,,0
2023,Charlie,Bertrand,41.0,M,2,1,1,1,0,1,0,4,0.25,2,0.5,0,0.0,0,0,1,0,0,0,0,0.0,0,0.0,0,0.0,0,0.0,0,0,0.0,0,0,0,0,,0
2023,Ryan,Conrad,15.0,M,2,1,0,0,0,0,1,4,0.0,3,0.75,0,0.0,0,0,2,1,0,0,0,0.0,0,0.0,0,0.0,0,0.0,0,1,0.5,0,0,0,0,,0
2023,Chris,Sabia,16.0,LSM,0,0,0,0,0,0,0,0,0.0,0,0.0,0,0.0,0,0,0,0,0,0,0,0.0,0,0.0,0,0.0,0,0.0,0,0,0.0,0,0,0,0,,0
2023,Ryland,Rees,17.0,LSM,3,1,1,1,0,1,0,3,0.3333333333333333,2,0.6666666666666666,2,0.0,1,5,0,2,1,0,1,0.0,0,0.0,0,0.0,0,0.0,0,0,0.0,0,0,0,0,,0
2023,Liam,Byrnes,21.0,D,3,0,0,0,0,0,0,1,0.0,0,0.0,0,0.0,0,7,1,2,0,0,0,0.0,0,0.0,0,0.0,0,0.0,0,0,0.0,0,0,0,0,,0
2023,Alex,Mazzone,10.0,LSM,2,0,0,0,0,0,0,0,0.0,0,0.0,0,0.0,0,2,0,0,0,0,0,0.0,0,0.0,0,0.0,0,0.0,0,0,0.0,0,0,0,0,,0
2023,Chris,Fake,31.0,D,1,0,0,0,0,0,0,0,0.0,0,0.0,0,0.0,0,1,0,1,0,0,0,0.0,0,0.0,0,0.0,0,0.0,0,0,0.0,0,0,0,0,,0
2023,Garrett,Leadmon,40.0,SSDM,3,3,2,2,0,2,1,8,0.25,4,0.5,0,0.0,0,1,1,0,0,0,0,0.0,0,0.0,0,0.0,0,0.0,0,0,0.0,0,0,0,0,,0
2023,Elijah,Gash,81.0,D,0,0,0,0,0,0,0,0,0.0,0,0.0,0,0.0,0,0,0,0,0,0,0,0.0,0,0.0,0,0.0,0,0.0,0,0,0.0,0,0,0,0,,0
2023,Charlie,Hayes,23.0,SSDM,2,3,1,1,0,1,2,1,1.0,1,1.0,0,0.0,0,3,1,1,0,0,0,0.0,0,0.0,0,0.0,0,0.0,0,0,0.0,0,0,0,0,,0
2023,Brad,Smith,27.0,M,0,0,0,0,0,0,0,0,0.0,0,0.0,0,0.0,0,0,0,0,0,0,0,0.0,0,0.0,0,0.0,0,0.0,0,0,0.0,0,0,0,0,,0
2023,Michael,Ehrhardt,28.0,LSM,3,0,0,0,0,0,0,6,0.0,1,0.1666666666666666,5,0.0,0,10,2,3,0,0,0,0.0,0,0.0,0,0.0,0,0.0,0,2,2.0,0,0,0,0,,0
2023,Brian,Phipps,30.0,G,0,0,0,0,0,0,0,0,0.0,0,0.0,0,0.0,0,0,0,0,0,0,0,0.0,0,0.0,0,0.0,0,0.0,0,0,0.0,0,0,0,0,,0
2023,Matthew,Dunn,33.0,D,3,1,0,0,0,0,1,1,0.0,0,0.0,0,0.0,0,4,0,3,0,0,0,0.0,0,0.0,0,0.0,0,0.0,0,0,0.0,0,0,0,0,,0
2023,Connor,Kirst,34.0,SSDM,3,2,2,2,0,2,0,4,0.5,2,0.5,1,0.0,0,11,2,2,0,0,0,0.0,0,0.0,0,0.0,0,0.0,0,1,0.5,0,0,0,0,,0
2023,Kyle,Bernlohr,35.0,G,3,1,0,0,0,0,1,0,0.0,0,0.0,0,0.0,0,9,0,0,0,0,0,0.0,44,0.564102564102564,35,11.666666666666666,1,0.333333333333334,8640,0,0.0,0,0,0,0,,2
2023,Brian,Tevlin,12.0,M,1,0,0,0,0,0,0,0,0.0,0,0.0,0,0.0,0,0,0,0,0,0,0,0.0,0,0.0,0,0.0,0,0.0,0,0,0.0,0,0,0,0,,0
2023,James,Reilly,13.0,FO,2,0,0,0,0,0,0,0,0.0,0,0.0,0,0.0,0,4,0,0,37,14,23,0.3783783783783784,0,0.0,0,0.0,0,0.0,0,0,0.0,0,0,0,0,,0
2023,Tucker,Dordevic,2.0,M,3,11,7,5,2,9,2,31,0.2258064516129032,20,0.6451612903225806,4,0.5,3,3,1,0,0,0,0,0.0,0,0.0,0,0.0,0,0.0,0,0,0.0,3,7,0,0,,0
2023,Petey,LaSalla,22.0,FO,3,0,0,0,0,0,0,3,0.0,1,0.3333333333333333,1,0.0,0,15,1,0,74,31,43,0.4189189189189189,0,0.0,0,0.0,0,0.0,0,0,0.0,0,0,0,0,,0
2023,Joseph,Nardella,91.0,FO,0,0,0,0,0,0,0,0,0.0,0,0.0,0,0.0,0,0,0,0,0,0,0,0.0,0,0.0,0,0.0,0,0.0,0,0,0.0,0,0,0,0,,0
2023,Cole,Williams,14.0,M,0,0,0,0,0,0,0,0,0.0,0,0.0,0,0.0,0,0,0,0,0,0,0,0.0,0,0.0,0,0.0,0,0.0,0,0,0.0,0,0,0,0,,0
2023,Matthew,Hossack,94.0,LSM,0,0,0,0,0,0,0,0,0.0,0,0.0,0,0.0,0,0,0,0,0,0,0,0.0,0,0.0,0,0.0,0,0.0,0,0,0.0,0,0,0,0,,0
2023,Colin,Heacock,2.0,M,2,1,1,1,0,1,0,7,0.1428571428571428,2,0.2857142857142857,0,0.0,0,1,1,0,0,0,0,0.0,0,0.0,0,0.0,0,0.0,0,0,0.0,0,0,0,0,,0
2023,Josh,Stout,7.0,A,0,0,0,0,0,0,0,0,0.0,0,0.0,0,0.0,0,0,0,0,0,0,0,0.0,0,0.0,0,0.0,0,0.0,0,0,0.0,0,0,0,0,,0
2023,Reid,Bowering,98.0,M,0,0,0,0,0,0,0,0,0.0,0,0.0,0,0.0,0,0,0,0,0,0,0,0.0,0,0.0,0,0.0,0,0.0,0,0,0.0,0,0,0,0,,0
2023,Mike,Messenger,0.0,SSDM,3,4,4,4,0,4,0,9,0.4444444444444444,8,0.8888888888888888,1,0.0,1,4,1,3,6,2,4,0.3333333333333333,0,0.0,0,0.0,0,0.0,0,1,0.5,0,0,0,0,,0
2023,Drake,Porter,34.0,G,0,0,0,0,0,0,0,0,0.0,0,0.0,0,0.0,0,0,0,0,0,0,0,0.0,0,0.0,0,0.0,0,0.0,0,0,0.0,0,0,0,0,,0
2023,Logan,Wisnauskas,12.0,A,3,8,5,5,0,5,3,17,0.2941176470588235,12,0.7058823529411765,0,0.0,0,7,8,1,0,0,0,0.0,0,0.0,0,0.0,0,0.0,0,1,1.0,0,0,0,0,,0
2023,Ryan,Drenner,22.0,M,3,9,5,5,0,5,4,11,0.4545454545454545,8,0.7272727272727273,0,0.0,0,5,1,0,0,0,0,0.0,0,0.0,0,0.0,0,0.0,0,0,0.0,1,1,0,0,,0
2023,Ryan,Smith,43.0,M,3,7,6,6,0,6,1,10,0.6,8,0.8,0,0.0,0,5,2,0,0,0,0,0.0,0,0.0,0,0.0,0,0.0,0,0,0.0,1,2,0,0,,0
2023,Matt,Rees,44.0,D,2,3,1,0,1,2,1,5,0.2,2,0.4,5,0.2,2,3,1,3,4,0,4,0.0,0,0.0,0,0.0,0,0.0,0,2,2.0,0,1,0,0,,0
2023,Tom,Schreiber,26.0,M,3,12,4,4,0,4,8,19,0.2105263157894736,10,0.5263157894736842,4,0.0,1,7,5,1,0,0,0,0.0,0,0.0,0,0.0,0,0.0,0,1,0.5,0,0,0,0,,0
2023,Warren,Jeffrey,27.0,D,2,1,0,0,0,0,1,0,0.0,0,0.0,0,0.0,0,2,1,0,0,0,0,0.0,0,0.0,0,0.0,0,0.0,0,0,0.0,0,0,0,0,,0
2023,Tim,Edwards,24.0,SSDM,0,0,0,0,0,0,0,0,0.0,0,0.0,0,0.0,0,0,0,0,0,0,0,0.0,0,0.0,0,0.0,0,0.0,0,0,0.0,0,0,0,0,,0
2023,Mac,O'Keefe,7.0,M,3,9,7,6,1,8,1,25,0.28,15,0.6,2,0.5,2,7,4,1,0,0,0,0.0,0,0.0,0,0.0,0,0.0,0,2,1.5,3,8,0,0,,0
2023,Jared,Conners,28.0,LSM,3,0,0,0,0,0,0,3,0.0,0,0.0,1,0.0,0,9,4,2,0,0,0,0.0,0,0.0,0,0.0,0,0.0,0,0,0.0,0,0,0,0,,0
2023,Jeff,Trainor,43.0,M,3,1,1,1,0,1,0,3,0.3333333333333333,1,0.3333333333333333,1,0.0,0,5,1,0,0,0,0,0.0,0,0.0,0,0.0,0,0.0,0,0,0.0,0,0,0,0,,0
2023,Jack,Kielty,40.0,D,3,0,0,0,0,0,0,0,0.0,0,0.0,0,0.0,0,5,0,3,0,0,0,0.0,0,0.0,0,0.0,0,0.0,0,2,2.0,0,0,0,0,,0
2023,Tre,Leclaire,44.0,M,3,6,4,4,0,4,2,10,0.4,6,0.6,0,0.0,0,1,1,0,0,0,0,0.0,0,0.0,0,0.0,0,0.0,0,0,0.0,0,0,0,0,,0
2023,Matt,McMahon,77.0,D,3,0,0,0,0,0,0,0,0.0,0,0.0,0,0.0,0,4,0,1,0,0,0,0.0,0,0.0,0,0.0,0,0.0,0,0,0.0,0,0,0,0,,0
2023,Zach,Goodrich,14.0,SSDM,3,0,0,0,0,0,0,0,0.0,0,0.0,0,0.0,0,0,0,0,0,0,0,0.0,0,0.0,0,0.0,0,0.0,0,1,0.5,0,0,0,0,,0
2023,Ian,MacKay,55.0,SSDM,2,3,1,1,0,1,2,4,0.25,2,0.5,0,0.0,0,1,3,0,0,0,0,0.0,0,0.0,0,0.0,0,0.0,0,0,0.0,0,0,0,0,,0
2023,Eric,Law,15.0,A,3,11,8,8,0,8,3,19,0.4210526315789473,16,0.8421052631578947,0,0.0,0,8,5,0,0,0,0,0.0,0,0.0,0,0.0,0,0.0,0,0,0.0,0,0,0,0,,0
2023,Jake,Carraway,19.0,A,3,5,3,3,0,3,2,15,0.2,9,0.6,3,0.0,1,1,0,1,0,0,0,0.0,0,0.0,0,0.0,0,0.0,0,0,0.0,0,3,0,0,,0
2023,Kyle,Jackson,47.0,M,3,3,1,1,0,1,2,13,0.0769230769230769,7,0.5384615384615384,4,0.0,3,3,5,0,0,0,0,0.0,0,0.0,0,0.0,0,0.0,0,0,0.0,0,1,0,0,,0
2023,Craig,Chick,21.0,LSM,3,0,0,0,0,0,0,0,0.0,0,0.0,0,0.0,0,6,1,1,3,0,3,0.0,0,0.0,0,0.0,0,0.0,0,0,0.0,0,0,0,0,,0
2023,Jake,Richard,27.0,SSDM,3,0,0,0,0,0,0,0,0.0,0,0.0,0,0.0,0,2,0,0,0,0,0,0.0,0,0.0,0,0.0,0,0.0,0,1,2.0,0,0,0,0,,0
2023,Tucker,Durkin,51.0,D,3,0,0,0,0,0,0,0,0.0,0,0.0,0,0.0,0,3,0,1,0,0,0,0.0,0,0.0,0,0.0,0,0.0,0,1,0.5,0,0,0,0,,0
2023,Peter,Dearth,54.0,SSDM,3,0,0,0,0,0,0,3,0.0,3,1.0,0,0.0,0,7,1,1,0,0,0,0.0,0,0.0,0,0.0,0,0.0,0,1,0.5,0,0,0,0,,0
2023,Michael,Rexrode,22.0,D,3,0,0,0,0,0,0,0,0.0,0,0.0,0,0.0,0,7,0,2,0,0,0,0.0,0,0.0,0,0.0,0,0.0,0,3,2.5,0,0,0,0,,0
2023,Bryan,Costabile,26.0,M,3,8,6,6,0,6,2,22,0.2727272727272727,11,0.5,5,0.0,2,5,5,0,0,0,0,0.0,0,0.0,0,0.0,0,0.0,0,0,0.0,0,0,0,2,,0
2023,Cade,van Raaphorst,77.0,D,1,0,0,0,0,0,0,1,0.0,0,0.0,1,0.0,0,2,1,1,2,0,1,0.0,0,0.0,0,0.0,0,0.0,0,0,0.0,0,0,0,0,,0
2023,Danny,Logan,91.0,SSDM,2,1,1,1,0,1,0,3,0.3333333333333333,3,1.0,1,0.0,1,3,1,0,1,0,1,0.0,0,0.0,0,0.0,0,0.0,0,0,0.0,0,0,0,0,,0
2023,Blaze,Riorden,0.0,G,3,0,0,0,0,0,0,0,0.0,0,0.0,0,0.0,0,9,1,1,0,0,0,0.0,51,0.645569620253164,31,10.110985277463191,3,0.978482446206114,8830,0,0.0,0,0,0,0,,4
2023,Chris,Cloutier,2.0,A,1,1,1,1,0,1,0,3,0.3333333333333333,2,0.6666666666666666,0,0.0,0,0,2,0,0,0,0,0.0,0,0.0,0,0.0,0,0.0,0,0,0.0,0,0,0,0,,0
2023,Max,Adler,6.0,FO,0,0,0,0,0,0,0,0,0.0,0,0.0,0,0.0,0,0,0,0,0,0,0,0.0,0,0.0,0,0.0,0,0.0,0,0,0.0,0,0,0,0,,0
2023,Troy,Reh,10.0,LSM,3,1,1,1,0,1,0,2,0.5,1,0.5,1,0.0,0,8,1,3,0,0,0,0.0,0,0.0,0,0.0,0,0.0,0,1,1.0,0,0,0,0,,0
2023,Adam,Charalambides,45.0,A,0,0,0,0,0,0,0,0,0.0,0,0.0,0,0.0,0,0,0,0,0,0,0,0.0,0,0.0,0,0.0,0,0.0,0,0,0.0,0,0,0,0,,0
2023,CJ,Costabile,9.0,LSM,2,0,0,0,0,0,0,1,0.0,0,0.0,0,0.0,0,2,0,1,0,0,0,0.0,0,0.0,0,0.0,0,0.0,0,0,0.0,0,0,0,0,,0
2023,Stephen,Rehfuss,,M,0,0,0,0,0,0,0,0,0.0,0,0.0,0,0.0,0,0,0,0,0,0,0,0.0,0,0.0,0,0.0,0,0.0,0,0,0.0,0,0,0,0,,0
2023,Reece,Eddy,9.0,LSM,1,0,0,0,0,0,0,0,0.0,0,0.0,0,0.0,0,0,0,1,0,0,0,0.0,0,0.0,0,0.0,0,0.0,0,1,0.5,0,0,0,0,,0
2023,Marcus,Holman,1.0,A,3,14,10,9,1,11,3,21,0.4761904761904761,14,0.6666666666666666,2,0.5,1,6,10,0,0,0,0,0.0,0,0.0,0,0.0,0,0.0,0,0,0.0,0,1,0,0,,0
2023,Adam,Ghitelman,8.0,G,2,0,0,0,0,0,0,1,0.0,0,0.0,1,0.0,0,5,0,0,0,0,0,0.0,22,0.458333333333333,27,15.081458494957332,1,0.55857253685027,5156,1,1.0,0,0,0,0,,2
2023,Ryan,Ambler,13.0,M,3,3,2,2,0,2,1,4,0.5,3,0.75,0,0.0,0,2,2,1,0,0,0,0.0,0,0.0,0,0.0,0,0.0,0,0,0.0,1,1,0,0,,0
2023,Grant,Ament,16.0,A,2,3,1,1,0,1,2,8,0.125,3,0.375,0,0.0,0,4,2,0,0,0,0,0.0,0,0.0,0,0.0,0,0.0,0,0,0.0,0,0,0,0,,0
2023,Latrell,Harris,22.0,SSDM,3,1,1,1,0,1,0,1,1.0,1,1.0,0,0.0,0,9,1,3,0,0,0,0.0,0,0.0,0,0.0,0,0.0,0,0,0.0,0,0,0,0,,0
2023,Stephen,Kelly,24.0,FO,3,1,0,0,0,0,1,3,0.0,2,0.6666666666666666,1,0.0,1,19,3,1,80,31,49,0.3875,0,0.0,0,0.0,0,0.0,0,0,0.0,0,0,0,0,,0
2023,Will,Manny,4.0,A,3,12,6,5,1,7,5,16,0.375,11,0.6875,3,0.3333333333333333,2,6,3,0,0,0,0,0.0,0,0.0,0,0.0,0,0.0,0,0,0.0,1,2,0,0,,0
2023,Connor,Fields,5.0,M,3,8,8,8,0,8,0,29,0.2758620689655172,18,0.6206896551724138,1,0.0,0,5,4,1,0,0,0,0.0,0,0.0,0,0.0,0,0.0,0,0,0.0,0,3,0,0,,0
2023,Graeme,Hossack,81.0,D,3,0,0,0,0,0,0,1,0.0,0,0.0,0,0.0,0,12,1,1,4,0,4,0.0,0,0.0,0,0.0,0,0.0,0,0,0.0,0,0,0,0,,0
2023,Romar,Dennis,5.0,M,3,5,3,2,1,4,1,19,0.1578947368421052,14,0.7368421052631579,13,0.0769230769230769,10,2,1,0,0,0,0,0.0,0,0.0,0,0.0,0,0.0,0,1,2.0,1,2,0,0,,0
2023,Dox,Aitken,6.0,M,0,0,0,0,0,0,0,0,0.0,0,0.0,0,0.0,0,0,0,0,0,0,0,0.0,0,0.0,0,0.0,0,0.0,0,0,0.0,0,0,0,0,,0
2023,Jake,Pulver,12.0,D,3,0,0,0,0,0,0,0,0.0,0,0.0,0,0.0,0,3,0,0,0,0,0,0.0,0,0.0,0,0.0,0,0.0,0,0,0.0,0,0,0,0,,0
2023,Jeff,Teat,7.0,A,3,15,5,5,0,5,10,10,0.5,8,0.8,0,0.0,0,8,5,3,0,0,0,0.0,0,0.0,0,0.0,0,0.0,0,0,0.0,1,1,0,0,,0
2023,Trevor,Baptiste,9.0,FO,3,1,1,1,0,1,0,9,0.1111111111111111,2,0.2222222222222222,1,0.0,0,38,5,1,87,65,22,0.7471264367816092,0,0.0,0,0.0,0,0.0,0,0,0.0,0,0,0,0,,0
2023,Jack,Concannon,12.0,G,3,0,0,0,0,0,0,0,0.0,0,0.0,0,0.0,0,3,1,0,0,0,0,0.0,30,0.434782608695652,43,14.333333333333334,4,1.33333333333333,8640,0,0.0,0,0,0,0,,3
2023,Wes,Berg,14.0,A,3,7,6,6,0,6,1,12,0.5,11,0.9166666666666666,0,0.0,0,2,2,0,0,0,0,0.0,0,0.0,0,0.0,0,0.0,0,0,0.0,0,0,0,0,,0
2023,Mark,Glicini,16.0,SSDM,3,0,0,0,0,0,0,0,0.0,0,0.0,0,0.0,0,2,0,1,0,0,0,0.0,0,0.0,0,0.0,0,0.0,0,0,0.0,0,0,0,0,,0
2023,Johnny,Surdick,18.0,D,1,0,0,0,0,0,0,0,0.0,0,0.0,0,0.0,0,3,0,0,0,0,0,0.0,0,0.0,0,0.0,0,0.0,0,0,0.0,0,0,0,0,,0
2023,Austin,Kaut,14.0,G,0,0,0,0,0,0,0,0,0.0,0,0.0,0,0.0,0,0,0,0,0,0,0,0.0,0,0.0,0,0.0,0,0.0,0,0,0.0,0,0,0,0,,0
2023,Josh,Byrne,22.0,A,2,11,8,8,0,8,3,16,0.5,12,0.75,0,0.0,0,3,5,1,0,0,0,0.0,0,0.0,0,0.0,0,0.0,0,0,0.0,0,0,0,0,,0
2023,Patrick,Resch,34.0,SSDM,3,3,1,0,1,2,1,2,0.5,1,0.5,1,1.0,1,2,0,1,0,0,0,0.0,0,0.0,0,0.0,0,0.0,0,1,1.0,0,0,0,0,,0
2022,Jackson,Reid,29.0,A,4,4,4,4,0,4,0,12,0.3333333333333333,5,0.4166666666666667,0,0.0,0,1,3,0,1,0,1,0.0,0,0.0,0,0.0,0,0.0,0,0,0.0,0,0,0,0,,0
2022,Jon,Robbins,41.0,LSM,9,1,1,1,0,1,0,2,0.5,1,0.5,0,0.0,0,8,1,8,0,0,0,0.0,0,0.0,0,0.0,0,0.0,0,1,2.0,0,0,0,0,,0
2022,Ryan,Aughavin,42.0,M,2,2,1,0,1,2,0,4,0.25,4,1.0,1,1.0,1,1,0,1,0,0,0,0.0,0,0.0,0,0.0,0,0.0,0,0,0.0,0,0,0,0,,0
2022,Colin,Hinton,2.0,D,0,0,0,0,0,0,0,0,0.0,0,0.0,0,0.0,0,0,0,0,0,0,0,0.0,0,0.0,0,0.0,0,0.0,0,0,0.0,0,0,0,0,,0
2022,Frankie,Labetti,12.0,FO,2,1,1,1,0,1,0,3,0.3333333333333333,1,0.3333333333333333,0,0.0,0,9,1,1,51,19,32,0.3725490196078431,0,0.0,0,0.0,0,0.0,0,1,0.5,0,0,0,0,,0
2022,Connor,DeSimone,3.0,A,5,12,7,7,0,7,5,12,0.5833333333333334,10,0.8333333333333334,1,0.0,1,3,9,2,0,0,0,0.0,0,0.0,0,0.0,0,0.0,0,0,0.0,0,0,0,0,,0
2022,John,Piatelli,20.0,A,0,0,0,0,0,0,0,0,0.0,0,0.0,0,0.0,0,0,0,0,0,0,0,0.0,0,0.0,0,0.0,0,0.0,0,0,0.0,0,0,0,0,,0
2022,Chris,Merle,91.0,SSDM,0,0,0,0,0,0,0,0,0.0,0,0.0,0,0.0,0,0,0,0,0,0,0,0.0,0,0.0,0,0.0,0,0.0,0,0,0.0,0,0,0,0,,0
2022,Matt,Rahill,7.0,D,5,0,0,0,0,0,0,1,0.0,1,1.0,1,0.0,1,9,2,1,0,0,0,0.0,0,0.0,0,0.0,0,0.0,0,1,0.5,0,0,0,0,,0
2022,Colin,Kirst,5.0,G,2,0,0,0,0,0,0,0,0.0,0,0.0,0,0.0,0,1,0,0,0,0,0,0.0,9,0.5,11,10.81967213114754,2,1.9672131147541,2928,0,0.0,0,0,0,0,,0
2022,Gibson,Smith IV,,D,0,0,0,0,0,0,0,0,0.0,0,0.0,0,0.0,0,0,0,0,0,0,0,0.0,0,0.0,0,0.0,0,0.0,0,0,0.0,0,0,0,0,,0
2022,Max,Wayne,33.0,D,0,0,0,0,0,0,0,0,0.0,0,0.0,0,0.0,0,0,0,0,0,0,0,0.0,0,0.0,0,0.0,0,0.0,0,0,0.0,0,0,0,0,,0
2022,Cole,Williams,14.0,M,4,7,5,5,0,5,2,12,0.4166666666666667,9,0.75,0,0.0,0,3,2,0,0,0,0,0.0,0,0.0,0,0.0,0,0.0,0,1,1.0,0,0,0,0,,0
2022,Challen,Rogers,23.0,M,7,12,9,9,0,9,3,15,0.6,10,0.6666666666666666,0,0.0,0,9,14,2,0,0,0,0.0,0,0.0,0,0.0,0,0.0,0,1,0.5,0,1,0,0,,0
2022,Charlie,Kitchen,11.0,A,1,1,1,1,0,1,0,3,0.3333333333333333,2,0.6666666666666666,0,0.0,0,0,0,0,0,0,0,0.0,0,0.0,0,0.0,0,0.0,0,0,0.0,0,0,0,0,,0
2022,Alexander,Smith,39.0,SSDM,0,0,0,0,0,0,0,0,0.0,0,0.0,0,0.0,0,0,0,0,0,0,0,0.0,0,0.0,0,0.0,0,0.0,0,0,0.0,0,0,0,0,,0
2022,Jake,Higgins,41.0,SSDM,9,1,0,0,0,0,1,1,0.0,0,0.0,0,0.0,0,8,2,5,0,0,0,0.0,0,0.0,0,0.0,0,0.0,0,1,1.0,0,0,0,0,,0
2022,Tyler,Warner,5.0,SSDM,9,1,1,1,0,1,0,1,1.0,1,1.0,0,0.0,0,19,1,4,0,0,0,0.0,0,0.0,0,0.0,0,0.0,0,0,0.0,0,0,0,0,,0
2022,Bryan,McIntosh,41.0,D,3,0,0,0,0,0,0,0,0.0,0,0.0,0,0.0,0,5,0,0,0,0,0,0.0,0,0.0,0,0.0,0,0.0,0,0,0.0,0,0,0,0,,0
2022,Owen,McElroy,24.0,G,0,0,0,0,0,0,0,0,0.0,0,0.0,0,0.0,0,0,0,0,0,0,0,0.0,0,0.0,0,0.0,0,0.0,0,0,0.0,0,0,0,0,,0
2022,Bryan,Cole,55.0,M,8,13,6,6,0,6,7,25,0.24,14,0.56,0,0.0,0,5,11,0,0,0,0,0.0,0,0.0,0,0.0,0,0.0,0,1,1.0,1,2,0,0,,0
2022,Matthew,Hossack,94.0,LSM,2,0,0,0,0,0,0,1,0.0,1,1.0,1,0.0,1,2,0,2,3,0,3,0.0,0,0.0,0,0.0,0,0.0,0,0,0.0,0,0,0,0,,0
2022,Tyrell,Hamer-Jackson,,FO,0,0,0,0,0,0,0,0,0.0,0,0.0,0,0.0,0,0,0,0,0,0,0,0.0,0,0.0,0,0.0,0,0.0,0,0,0.0,0,0,0,0,,0
2022,Brendan,Curry,16.0,M,3,1,1,1,0,1,0,12,0.0833333333333333,7,0.5833333333333334,0,0.0,0,1,2,0,0,0,0,0.0,0,0.0,0,0.0,0,0.0,0,0,0.0,0,0,0,0,,0
2022,Mike,Messenger,0.0,SSDM,10,6,6,6,0,6,0,10,0.6,7,0.7,1,0.0,0,13,6,7,19,4,15,0.2105263157894736,0,0.0,0,0.0,0,0.0,0,5,5.0,0,0,0,0,,0
2022,Thomas,Kelly,24.0,FO,5,1,1,1,0,1,0,1,1.0,1,1.0,0,0.0,0,23,3,0,115,52,63,0.4521739130434782,0,0.0,0,0.0,0,0.0,0,0,0.0,0,0,0,0,,0
2022,Pat,Aslanian,88.0,SSDM,3,0,0,0,0,0,0,1,0.0,0,0.0,0,0.0,0,0,1,2,0,0,0,0.0,0,0.0,0,0.0,0,0.0,0,0,0.0,0,0,0,0,,0
2022,Alex,Woodall,9.0,FO,4,1,0,0,0,0,1,0,0.0,0,0.0,0,0.0,0,12,2,0,50,23,27,0.46,0,0.0,0,0.0,0,0.0,0,0,0.0,0,0,0,0,,0
2022,Matt,Moore,11.0,M,10,20,15,15,0,15,5,43,0.3488372093023256,32,0.7441860465116279,3,0.0,2,3,13,0,0,0,0,0.0,0,0.0,0,0.0,0,0.0,0,0,0.0,1,2,0,1,,0
2022,Koby,Smith,0.0,LSM,10,5,3,1,2,5,0,5,0.6,4,0.8,3,0.6666666666666666,3,11,4,3,0,0,0,0.0,0,0.0,0,0.0,0,0.0,0,1,1.0,0,0,0,0,,0
2022,Brett,Kennedy,11.0,D,5,0,0,0,0,0,0,0,0.0,0,0.0,0,0.0,0,8,1,1,0,0,0,0.0,0,0.0,0,0.0,0,0.0,0,1,0.5,0,0,0,0,,0
2022,Roman,Puglise,,SSDM,0,0,0,0,0,0,0,0,0.0,0,0.0,0,0.0,0,0,0,0,0,0,0,0.0,0,0.0,0,0.0,0,0.0,0,0,0.0,0,0,0,0,,0
2022,Zach,Geddes,13.0,SSDM,6,0,0,0,0,0,0,2,0.0,2,1.0,1,0.0,1,8,2,1,0,0,0,0.0,0,0.0,0,0.0,0,0.0,0,0,0.0,0,0,0,0,,0
2022,Will,Jones,14.0,D,0,0,0,0,0,0,0,0,0.0,0,0.0,0,0.0,0,0,0,0,0,0,0,0.0,0,0.0,0,0.0,0,0.0,0,0,0.0,0,0,0,0,,0
2022,Jack,Hannah,3.0,M,10,14,11,11,0,11,3,65,0.1692307692307692,41,0.6307692307692307,3,0.0,2,5,5,0,0,0,0,0.0,0,0.0,0,0.0,0,0.0,0,2,1.0,0,1,0,0,,0
2022,Wheaton,Jackoboice,15.0,M,6,1,1,1,0,1,0,11,0.0909090909090909,2,0.1818181818181818,1,0.0,1,2,3,0,0,0,0,0.0,0,0.0,0,0.0,0,0.0,0,0,0.0,0,0,0,0,,0
2022,Jonathan,Donville,33.0,M,6,9,8,8,0,8,1,24,0.3333333333333333,18,0.75,0,0.0,0,3,5,1,0,0,0,0.0,0,0.0,0,0.0,0,0.0,0,0,0.0,0,1,0,0,,0
2022,Ryan,McNulty,55.0,LSM,0,0,0,0,0,0,0,0,0.0,0,0.0,0,0.0,0,0,0,0,0,0,0,0.0,0,0.0,0,0.0,0,0.0,0,0,0.0,0,0,0,0,,0
2022,Justin,Inacio,30.0,FO,8,2,2,2,0,2,0,6,0.3333333333333333,3,0.5,0,0.0,0,33,0,0,183,77,105,0.4207650273224044,0,0.0,0,0.0,0,0.0,0,1,0.5,0,0,0,0,,0
2022,Nakeie,Montgomery,1.0,M,10,9,6,5,1,7,2,23,0.2608695652173913,15,0.6521739130434783,5,0.2,4,6,3,3,0,0,0,0.0,0,0.0,0,0.0,0,0.0,0,1,1.0,0,0,0,0,,0
2022,Keegan,Khan,76.0,M,7,9,6,6,0,6,3,18,0.3333333333333333,9,0.5,0,0.0,0,1,10,0,0,0,0,0.0,0,0.0,0,0.0,0,0.0,0,1,0.5,0,0,0,0,,0
2022,Clarke,Petterson,45.0,A,1,2,1,1,0,1,1,3,0.3333333333333333,1,0.3333333333333333,0,0.0,0,1,0,0,0,0,0,0.0,0,0.0,0,0.0,0,0.0,0,0,0.0,0,0,0,0,,0
2022,Logan,Wisnauskas,12.0,A,9,35,24,24,0,24,11,62,0.3870967741935484,40,0.6451612903225806,0,0.0,0,10,7,0,0,0,0,0.0,0,0.0,0,0.0,0,0.0,0,0,0.0,3,6,0,0,,0
2022,Chris,Gray,24.0,A,10,34,17,16,1,18,16,60,0.2833333333333333,36,0.6,4,0.25,1,7,18,1,0,0,0,0.0,0,0.0,0,0.0,0,0.0,0,3,2.5,1,3,0,0,,0
2022,Arden,Cohen,40.0,D,10,0,0,0,0,0,0,0,0.0,0,0.0,0,0.0,0,18,4,3,0,0,0,0.0,0,0.0,0,0.0,0,0.0,0,1,2.0,0,0,0,0,,0
2022,Brendan,Nichtern,20.0,A,10,38,16,16,0,16,22,57,0.2807017543859649,38,0.6666666666666666,1,0.0,0,11,33,3,0,0,0,0.0,0,0.0,0,0.0,0,0.0,0,0,0.0,1,2,0,0,,0
2022,Asher,Nolting,0.0,A,10,23,14,14,0,14,9,49,0.2857142857142857,38,0.7755102040816326,0,0.0,0,13,31,2,0,0,0,0.0,0,0.0,0,0.0,0,0.0,0,1,0.5,0,0,0,0,,0
2022,Bubba,Fairman,2.0,SSDM,9,5,4,4,0,4,1,12,0.3333333333333333,9,0.75,1,0.0,0,17,3,1,0,0,0,0.0,0,0.0,0,0.0,0,0.0,0,1,1.0,0,0,0,0,,0
2022,Brett,Dobson,45.0,G,1,0,0,0,0,0,0,0,0.0,0,0.0,0,0.0,0,4,0,0,0,0,0,0.0,14,0.518518518518518,13,12.999999999999998,0,0.0,2880,0,0.0,0,0,0,0,,1
2022,Kevin,Crowley,,M,0,0,0,0,0,0,0,0,0.0,0,0.0,0,0.0,0,0,0,0,0,0,0,0.0,0,0.0,0,0.0,0,0.0,0,0,0.0,0,0,0,0,,0
2022,Joe,Resetarits,,A,0,0,0,0,0,0,0,0,0.0,0,0.0,0,0.0,0,0,0,0,0,0,0,0.0,0,0.0,0,0.0,0,0.0,0,0,0.0,0,0,0,0,,0
2022,Joe,Post,,FO,0,0,0,0,0,0,0,0,0.0,0,0.0,0,0.0,0,0,0,0,0,0,0,0.0,0,0.0,0,0.0,0,0.0,0,0,0.0,0,0,0,0,,0
2022,Ryan,Hallenbeck,24.0,SSDM,4,0,0,0,0,0,0,2,0.0,2,1.0,1,0.0,1,2,0,1,0,0,0,0.0,0,0.0,0,0.0,0,0.0,0,2,1.5,0,0,0,0,,0
2022,Ryan,Kennedy,35.0,D,2,0,0,0,0,0,0,0,0.0,0,0.0,0,0.0,0,5,0,0,0,0,0,0.0,0,0.0,0,0.0,0,0.0,0,0,0.0,0,0,0,0,,0
2022,Anthony,DeMaio,12.0,M,1,0,0,0,0,0,0,0,0.0,0,0.0,0,0.0,0,1,0,0,0,0,0,0.0,0,0.0,0,0.0,0,0.0,0,0,0.0,0,0,0,0,,0
2022,Zac,Tucci,8.0,FO,4,1,0,0,0,0,1,5,0.0,2,0.4,1,0.0,0,19,1,0,109,47,60,0.4311926605504587,0,0.0,0,0.0,0,0.0,0,0,0.0,0,0,0,0,,0
2022,Bailey,Savio,28.0,FO,0,0,0,0,0,0,0,0,0.0,0,0.0,0,0.0,0,0,0,0,0,0,0,0.0,0,0.0,0,0.0,0,0.0,0,0,0.0,0,0,0,0,,0
2022,Brennan,Kamish,77.0,SSDM,5,0,0,0,0,0,0,1,0.0,0,0.0,0,0.0,0,8,0,4,0,0,0,0.0,0,0.0,0,0.0,0,0.0,0,0,0.0,0,0,0,0,,0
2022,Jakob,Phaup,37.0,FO,1,0,0,0,0,0,0,0,0.0,0,0.0,0,0.0,0,5,1,0,29,11,18,0.3793103448275862,0,0.0,0,0.0,0,0.0,0,0,0.0,0,0,0,0,,0
2022,Joe,Robertson,8.0,A,4,2,1,1,0,1,1,9,0.1111111111111111,6,0.6666666666666666,0,0.0,0,2,4,0,0,0,0,0.0,0,0.0,0,0.0,0,0.0,0,0,0.0,1,1,0,0,,0
2022,Finn,Sullivan,36.0,D,6,0,0,0,0,0,0,0,0.0,0,0.0,0,0.0,0,7,3,6,0,0,0,0.0,0,0.0,0,0.0,0,0.0,0,1,1.0,0,0,0,0,,0
2022,Kieran,McArdle,6.0,A,10,42,19,19,0,19,23,62,0.3064516129032258,43,0.6935483870967742,2,0.0,2,19,24,0,0,0,0,0.0,0,0.0,0,0.0,0,0.0,0,0,0.0,0,2,0,0,,0
2022,Chris,Sabia,16.0,LSM,9,3,0,0,0,0,3,2,0.0,2,1.0,0,0.0,0,11,1,7,0,0,0,0.0,0,0.0,0,0.0,0,0.0,0,2,1.5,0,0,0,0,,0
2022,Zed,Williams,36.0,A,7,19,13,13,0,13,6,48,0.2708333333333333,29,0.6041666666666666,1,0.0,0,17,16,0,0,0,0,0.0,0,0.0,0,0.0,0,0.0,0,1,0.5,0,3,0,0,,0
2022,Colin,Squires,39.0,LSM,10,0,0,0,0,0,0,0,0.0,0,0.0,0,0.0,0,19,2,5,11,1,10,0.0909090909090909,0,0.0,0,0.0,0,0.0,0,0,0.0,0,0,0,0,,0
2022,Chris,Aslanian,30.0,M,5,9,4,4,0,4,5,20,0.2,12,0.6,4,0.0,0,6,4,0,0,0,0,0.0,0,0.0,0,0.0,0,0.0,0,0,0.0,1,4,0,0,,0
2022,Jack,Near,2.0,SSDM,7,0,0,0,0,0,0,0,0.0,0,0.0,0,0.0,0,9,1,0,0,0,0,0.0,0,0.0,0,0.0,0,0.0,0,0,0.0,0,0,0,0,,0
2022,Rob,Pannell,3.0,A,10,38,16,16,0,16,22,49,0.3265306122448979,28,0.5714285714285714,2,0.0,1,12,19,2,0,0,0,0.0,0,0.0,0,0.0,0,0.0,0,0,0.0,2,2,0,0,,0
2022,Sergio,Perkovic,16.0,M,9,11,8,6,2,10,1,43,0.1860465116279069,24,0.5581395348837209,12,0.1666666666666666,6,7,7,4,0,0,0,0.0,0,0.0,0,0.0,0,0.0,0,1,0.5,1,6,0,0,,0
2022,Isaiah,Davis-Allen,26.0,SSDM,10,0,0,0,0,0,0,1,0.0,1,1.0,0,0.0,0,7,4,0,9,1,8,0.1111111111111111,0,0.0,0,0.0,0,0.0,0,1,0.5,0,0,0,0,,0
2022,Patrick,Harbeson,60.0,SSDM,3,1,0,0,0,0,1,1,0.0,1,1.0,0,0.0,0,2,0,0,0,0,0,0.0,0,0.0,0,0.0,0,0.0,0,0,0.0,0,0,0,0,,0
2022,Charlie,Bertrand,41.0,M,10,18,18,18,0,18,0,43,0.4186046511627907,30,0.6976744186046512,1,0.0,0,3,15,2,0,0,0,0.0,0,0.0,0,0.0,0,0.0,0,1,0.5,4,6,0,0,,0
2022,Ryan,Lee,45.0,A,0,0,0,0,0,0,0,0,0.0,0,0.0,0,0.0,0,0,0,0,0,0,0,0.0,0,0.0,0,0.0,0,0.0,0,0,0.0,0,0,0,0,,0
2022,John,Sexton,46.0,LSM,7,1,0,0,0,0,1,3,0.0,2,0.6666666666666666,3,0.0,2,9,3,3,1,0,1,0.0,0,0.0,0,0.0,0,0.0,0,0,0.0,0,0,0,0,,0
2022,Ryder,Garnsey,50.0,A,10,25,19,19,0,19,6,47,0.4042553191489361,33,0.7021276595744681,1,0.0,0,14,17,0,0,0,0,0.0,0,0.0,0,0.0,0,0.0,0,3,2.5,1,2,0,0,,0
2022,Garrett,Epple,52.0,D,10,0,0,0,0,0,0,1,0.0,0,0.0,1,0.0,0,19,3,19,0,0,0,0.0,0,0.0,0,0.0,0,0.0,0,5,5.5,0,0,0,0,,0
2022,Jack,Kelly,94.0,G,7,0,0,0,0,0,0,1,0.0,1,1.0,1,0.0,1,13,7,5,0,0,0,0.0,71,0.461038961038961,87,13.408969281815262,4,0.616504334796104,18686,0,0.0,0,0,0,0,,1
2022,Justin,Guterding,22.0,M,7,16,6,6,0,6,10,25,0.24,17,0.68,0,0.0,0,5,9,2,0,0,0,0.0,0,0.0,0,0.0,0,0.0,0,1,0.5,0,1,0,0,,0
2022,Chris,Cloutier,2.0,A,6,14,9,9,0,9,5,26,0.3461538461538461,22,0.8461538461538461,0,0.0,0,11,12,0,0,0,0,0.0,0,0.0,0,0.0,0,0.0,0,0,0.0,0,0,0,0,,0
2022,Max,Adler,6.0,FO,4,1,0,0,0,0,1,1,0.0,0,0.0,0,0.0,0,20,6,0,92,39,52,0.4239130434782608,0,0.0,0,0.0,0,0.0,0,2,1.0,0,0,0,0,,0
2022,Ian,MacKay,55.0,SSDM,5,0,0,0,0,0,0,4,0.0,3,0.75,4,0.0,3,1,2,1,1,0,1,0.0,0,0.0,0,0.0,0,0.0,0,2,1.5,0,0,0,0,,0
2022,Eli,Salama,3.0,LSM,10,7,4,3,1,5,2,11,0.3636363636363636,8,0.7272727272727273,5,0.2,4,20,2,3,0,0,0,0.0,0,0.0,0,0.0,0,0.0,0,3,3.0,1,1,0,0,,0
2022,Jackson,Morrill,4.0,M,10,8,5,5,0,5,3,13,0.3846153846153846,10,0.7692307692307693,0,0.0,0,3,11,0,0,0,0,0.0,0,0.0,0,0.0,0,0.0,0,1,0.5,1,2,0,0,,0
2022,Michael,Manley,5.0,D,10,3,1,1,0,1,2,6,0.1666666666666666,5,0.8333333333333334,3,0.0,2,20,2,13,0,0,0,0.0,0,0.0,0,0.0,0,0.0,0,4,4.0,0,0,0,0,,0
2022,John,Ranagan,31.0,M,3,1,1,1,0,1,0,4,0.25,3,0.75,0,0.0,0,1,2,0,0,0,0,0.0,0,0.0,0,0.0,0,0.0,0,0,0.0,0,0,0,0,,0
2022,Ben,Randall,44.0,D,10,3,2,2,0,2,1,5,0.4,5,1.0,1,0.0,1,17,4,8,0,0,0,0.0,0,0.0,0,0.0,0,0.0,0,0,0.0,0,0,0,0,,0
2022,Bryce,Young,41.0,D,10,0,0,0,0,0,0,0,0.0,0,0.0,0,0.0,0,16,3,4,0,0,0,0.0,0,0.0,0,0.0,0,0.0,0,5,5.0,0,0,0,0,,0
2022,Matt,Rambo,9.0,A,10,32,21,21,0,21,11,76,0.2763157894736842,46,0.6052631578947368,0,0.0,0,15,28,0,0,0,0,0.0,0,0.0,0,0.0,0,0.0,0,0,0.0,1,2,0,0,,0
2022,Charlie,Hayes,23.0,SSDM,0,0,0,0,0,0,0,0,0.0,0,0.0,0,0.0,0,0,0,0,0,0,0,0.0,0,0.0,0,0.0,0,0.0,0,0,0.0,0,0,0,0,,0
2022,Michael,Ehrhardt,28.0,LSM,9,8,3,0,3,6,2,17,0.1764705882352941,9,0.5294117647058824,15,0.2,9,33,8,10,0,0,0,0.0,0,0.0,0,0.0,0,0.0,0,1,1.0,0,0,0,0,,0
2022,Brian,Phipps,30.0,G,0,0,0,0,0,0,0,0,0.0,0,0.0,0,0.0,0,0,0,0,0,0,0,0.0,0,0.0,0,0.0,0,0.0,0,0,0.0,0,0,0,0,,0
2022,Jay,Carlson,32.0,A,7,14,10,10,0,10,4,28,0.3571428571428571,20,0.7142857142857143,0,0.0,0,9,11,6,0,0,0,0.0,0,0.0,0,0.0,0,0.0,0,0,0.0,1,3,0,0,,0
2022,Matthew,Dunn,33.0,D,10,0,0,0,0,0,0,1,0.0,1,1.0,0,0.0,0,9,3,5,0,0,0,0.0,0,0.0,0,0.0,0,0.0,0,1,0.5,0,0,0,0,,0
2022,Connor,Kirst,34.0,SSDM,10,9,7,6,1,8,1,23,0.3043478260869565,16,0.6956521739130435,5,0.2,5,16,5,5,0,0,0,0.0,0,0.0,0,0.0,0,0.0,0,1,0.5,0,0,0,0,,0
2022,Joseph,Nardella,91.0,FO,10,6,3,3,0,3,3,8,0.375,5,0.625,0,0.0,0,81,12,0,229,150,78,0.6550218340611353,0,0.0,0,0.0,0,0.0,0,2,1.5,0,0,0,0,,0
2022,Craig,Chick,21.0,LSM,10,2,1,1,0,1,1,4,0.25,3,0.75,0,0.0,0,38,4,10,3,0,3,0.0,0,0.0,0,0.0,0,0.0,0,1,1.0,0,0,0,0,,0
2022,Reece,Eddy,9.0,LSM,0,0,0,0,0,0,0,0,0.0,0,0.0,0,0.0,0,0,0,0,0,0,0,0.0,0,0.0,0,0.0,0,0.0,0,0,0.0,0,0,0,0,,0
2022,Wes,Berg,14.0,A,4,6,3,3,0,3,3,10,0.3,7,0.7,0,0.0,0,2,5,1,0,0,0,0.0,0,0.0,0,0.0,0,0.0,0,0,0.0,0,0,0,0,,0
2022,Mark,Glicini,16.0,SSDM,8,1,1,1,0,1,0,1,1.0,1,1.0,0,0.0,0,5,2,3,0,0,0,0.0,0,0.0,0,0.0,0,0.0,0,0,0.0,0,0,0,0,,0
2022,Ryan,Smith,43.0,M,8,13,8,8,0,8,5,15,0.5333333333333333,12,0.8,0,0.0,0,2,5,0,0,0,0,0.0,0,0.0,0,0.0,0,0.0,0,0,0.0,3,3,0,0,,0
2022,Matt,Rees,44.0,D,5,0,0,0,0,0,0,4,0.0,2,0.5,3,0.0,1,6,2,2,0,0,0,0.0,0,0.0,0,0.0,0,0.0,0,2,2.0,0,0,0,0,,0
2022,Kyle,Jackson,47.0,M,9,11,7,7,0,7,4,19,0.3684210526315789,12,0.631578947368421,0,0.0,0,8,8,0,0,0,0,0.0,0,0.0,0,0.0,0,0.0,0,0,0.0,1,1,0,0,,0
2022,Jake,Froccaro,10.0,M,5,8,1,0,1,2,6,20,0.05,11,0.55,8,0.125,3,8,3,1,3,0,3,0.0,0,0.0,0,0.0,0,0.0,0,1,0.5,0,3,0,0,,0
2022,Tanner,Cook,77.0,M,5,3,2,2,0,2,1,7,0.2857142857142857,6,0.8571428571428571,0,0.0,0,3,5,0,0,0,0,0.0,0,0.0,0,0.0,0,0.0,0,1,2.0,0,0,0,0,,0
2022,Jarrod,Neumann,88.0,D,10,1,0,0,0,0,1,6,0.0,2,0.3333333333333333,6,0.0,2,14,5,6,0,0,0,0.0,0,0.0,0,0.0,0,0.0,0,1,2.0,0,0,0,0,,0
2022,Dhane,Smith,92.0,M,7,23,6,6,0,6,17,29,0.2068965517241379,17,0.5862068965517241,0,0.0,0,4,12,1,0,0,0,0.0,0,0.0,0,0.0,0,0.0,0,0,0.0,2,5,0,0,,0
2022,Will,Haus,6.0,SSDM,10,4,2,2,0,2,2,8,0.25,6,0.75,1,0.0,0,15,3,5,0,0,0,0.0,0,0.0,0,0.0,0,0.0,0,1,0.5,0,0,0,0,,0
2022,Justin,Anderson,21.0,M,10,21,15,14,1,16,5,39,0.3846153846153846,27,0.6923076923076923,1,1.0,1,12,9,1,0,0,0,0.0,0,0.0,0,0.0,0,0.0,0,2,1.0,1,1,1,1,,0
2022,Sean,Sconone,50.0,G,10,1,0,0,0,0,1,0,0.0,0,0.0,0,0.0,0,20,3,3,0,0,0,0.0,113,0.54066985645933,102,10.108392691235675,6,0.59461133477857,29061,0,0.0,0,0,0,0,,5
2022,Ryan,Conrad,15.0,M,8,18,10,10,0,10,8,29,0.3448275862068966,20,0.6896551724137931,1,0.0,0,2,9,2,0,0,0,0.0,0,0.0,0,0.0,0,0.0,0,1,0.5,2,3,0,0,,0
2022,Jerry,Ragonese,37.0,FO,1,1,1,1,0,1,0,1,1.0,1,1.0,0,0.0,0,2,0,0,8,2,6,0.25,0,0.0,0,0.0,0,0.0,0,0,0.0,0,0,0,0,,0
2022,Jake,Pulver,12.0,D,10,1,1,1,0,1,0,5,0.2,3,0.6,3,0.0,2,14,9,14,8,0,8,0.0,0,0.0,0,0.0,0,0.0,0,0,0.0,0,0,0,0,,0
2022,Matt,DeLuca,1.0,G,6,0,0,0,0,0,0,0,0.0,0,0.0,0,0.0,0,9,1,0,0,0,0,0.0,46,0.442307692307692,59,13.098982423681775,1,0.222016651248844,12972,0,0.0,0,0,0,0,,9
2022,Ryan,Brown,4.0,A,7,11,10,9,1,11,0,43,0.2325581395348837,27,0.627906976744186,2,0.5,2,3,2,1,0,0,0,0.0,0,0.0,0,0.0,0,0.0,0,2,1.0,0,3,0,0,,0
2022,Chase,Fraser,95.0,A,7,13,12,12,0,12,1,39,0.3076923076923077,24,0.6153846153846154,0,0.0,0,15,20,3,0,0,0,0.0,0,0.0,0,0.0,0,0.0,0,2,1.5,2,2,0,0,,0
2022,Jack,Rowlett,99.0,D,10,1,1,1,0,1,0,2,0.5,1,0.5,1,0.0,0,17,2,7,11,2,9,0.1818181818181818,0,0.0,0,0.0,0,0.0,0,2,1.5,0,0,0,0,,0
2022,JT,Giles-Harris,1.0,D,10,0,0,0,0,0,0,0,0.0,0,0.0,0,0.0,0,24,4,11,0,0,0,0.0,0,0.0,0,0.0,0,0.0,0,2,1.5,0,0,0,0,,0
2022,Colin,Heacock,2.0,M,10,7,5,5,0,5,2,31,0.1612903225806451,13,0.4193548387096774,1,0.0,0,7,12,0,0,0,0,0.0,0,0.0,0,0.0,0,0.0,0,1,1.0,0,1,0,0,,0
2022,Dylan,Molloy,17.0,A,10,25,14,14,0,14,11,52,0.2692307692307692,37,0.7115384615384616,1,0.0,1,15,18,2,0,0,0,0.0,0,0.0,0,0.0,0,0.0,0,0,0.0,1,1,0,0,,0
2022,Tom,Schreiber,26.0,M,10,35,19,17,2,21,14,52,0.3653846153846153,37,0.7115384615384616,5,0.4,3,11,23,0,0,0,0,0.0,0,0.0,0,0.0,0,0.0,0,0,0.0,1,1,0,0,,0
2022,Holden,Garlent,70.0,D,10,2,1,0,1,2,0,3,0.3333333333333333,2,0.6666666666666666,3,0.3333333333333333,2,23,6,9,0,0,0,0.0,0,0.0,0,0.0,0,0.0,0,4,2.5,0,0,0,0,,0
2022,Blaze,Riorden,0.0,G,10,1,0,0,0,0,1,3,0.0,1,0.3333333333333333,3,0.0,1,15,3,5,0,0,0,0.0,137,0.537254901960784,126,12.6,8,0.8,28800,0,0.0,0,0,0,0,,9
2022,Mac,O'Keefe,3.0,M,10,16,11,9,2,13,3,30,0.3666666666666666,20,0.6666666666666666,5,0.4,4,5,7,0,0,0,0,0.0,0,0.0,0,0.0,0,0.0,0,0,0.0,3,7,0,0,,0
2022,Nick,Grill,8.0,LSM,10,0,0,0,0,0,0,0,0.0,0,0.0,0,0.0,0,10,2,5,0,0,0,0.0,0,0.0,0,0.0,0,0.0,0,1,0.5,0,0,0,0,,0
2022,Marcus,Holman,1.0,A,10,29,19,17,2,21,8,55,0.3454545454545454,38,0.6909090909090909,6,0.3333333333333333,3,22,14,0,0,0,0,0.0,0,0.0,0,0.0,0,0.0,0,1,0.5,3,4,0,1,,0
2022,Scott,Ratliff,32.0,D,10,2,1,1,0,1,1,10,0.1,8,0.8,8,0.0,6,27,4,13,0,0,0,0.0,0,0.0,0,0.0,0,0.0,0,3,2.5,0,0,0,1,,0
2022,Will,Manny,4.0,A,10,33,16,16,0,16,17,56,0.2857142857142857,41,0.7321428571428571,3,0.0,2,4,20,0,0,0,0,0.0,0,0.0,0,0.0,0,0.0,0,2,1.0,2,4,0,1,,0
2022,Connor,Fields,5.0,M,6,16,12,12,0,12,4,32,0.375,26,0.8125,0,0.0,0,5,6,1,0,0,0,0.0,0,0.0,0,0.0,0,0.0,0,0,0.0,0,0,0,0,,0
2022,Adam,Ghitelman,8.0,G,9,0,0,0,0,0,0,2,0.0,1,0.5,2,0.0,1,31,2,3,0,0,0,0.0,89,0.494444444444444,96,10.669136374160685,5,0.555684186154202,25914,1,1.0,0,0,0,0,,9
2022,Ryan,Ambler,13.0,M,10,15,13,13,0,13,2,46,0.2826086956521739,27,0.5869565217391305,1,0.0,0,5,9,1,0,0,0,0.0,0,0.0,0,0.0,0,0.0,0,0,0.0,1,4,0,0,,0
2022,Grant,Ament,16.0,A,5,16,4,3,1,5,11,20,0.2,13,0.65,2,0.5,2,7,8,0,0,0,0,0.0,0,0.0,0,0.0,0,0.0,0,0,0.0,0,2,0,0,,0
2022,Mark,McNeill,21.0,SSDM,9,1,0,0,0,0,1,0,0.0,0,0.0,0,0.0,0,9,3,2,0,0,0,0.0,0,0.0,0,0.0,0,0.0,0,1,0.5,0,0,0,0,,0
2022,Latrell,Harris,22.0,SSDM,10,2,2,2,0,2,0,3,0.6666666666666666,2,0.6666666666666666,0,0.0,0,18,3,4,0,0,0,0.0,0,0.0,0,0.0,0,0.0,0,3,2.5,0,0,0,0,,0
2022,Dominique,Alexander,23.0,SSDM,9,2,1,1,0,1,1,1,1.0,1,1.0,0,0.0,0,15,0,9,0,0,0,0.0,0,0.0,0,0.0,0,0.0,0,4,3.0,0,0,0,0,,0
2022,Michael,Rexrode,22.0,D,10,0,0,0,0,0,0,0,0.0,0,0.0,0,0.0,0,22,3,6,0,0,0,0.0,0,0.0,0,0.0,0,0.0,0,1,0.5,0,0,0,0,,0
2022,Ryland,Rees,17.0,LSM,9,6,3,1,2,5,1,11,0.2727272727272727,7,0.6363636363636364,10,0.2,6,17,3,6,0,0,0,0.0,0,0.0,0,0.0,0,0.0,0,2,1.0,0,0,0,0,,0
2022,Jake,Withers,18.0,FO,6,1,1,1,0,1,0,3,0.3333333333333333,1,0.3333333333333333,0,0.0,0,28,2,2,147,69,76,0.4693877551020408,0,0.0,0,0.0,0,0.0,0,1,0.5,0,0,0,0,,0
2022,Liam,Byrnes,21.0,D,10,0,0,0,0,0,0,4,0.0,1,0.25,1,0.0,0,27,7,15,0,0,0,0.0,0,0.0,0,0.0,0,0.0,0,3,1.5,0,0,0,0,,0
2022,Michael,Sowers,22.0,A,9,32,21,21,0,21,11,59,0.3559322033898305,41,0.6949152542372882,2,0.0,0,5,12,0,0,0,0,0.0,0,0.0,0,0.0,0,0.0,0,1,1.0,4,4,0,0,,0
2022,Eli,Gobrecht,25.0,D,10,2,1,1,0,1,1,2,0.5,1,0.5,1,0.0,0,20,1,7,0,0,0,0.0,0,0.0,0,0.0,0,0.0,0,2,1.5,0,0,0,0,,0
2022,Kyle,Bernlohr,35.0,G,10,0,0,0,0,0,0,2,0.0,1,0.5,2,0.0,1,25,4,5,0,0,0,0.0,125,0.581395348837209,98,9.703971119133572,8,0.792160907684374,29085,0,0.0,0,0,0,0,,5
2022,Jake,Carraway,19.0,A,2,1,1,1,0,1,0,8,0.125,5,0.625,2,0.0,1,1,0,0,0,0,0,0.0,0,0.0,0,0.0,0,0.0,0,0,0.0,0,0,0,0,,0
2022,Christian,Scarpello,50.0,SSDM,6,1,0,0,0,0,1,0,0.0,0,0.0,0,0.0,0,3,0,4,0,0,0,0.0,0,0.0,0,0.0,0,0.0,0,0,0.0,0,0,0,0,,0
2022,Ethan,Walker,57.0,A,9,13,9,9,0,9,4,30,0.3,16,0.5333333333333333,0,0.0,0,11,10,1,0,0,0,0.0,0,0.0,0,0.0,0,0.0,0,1,0.5,0,0,0,0,,0
2022,Mikie,Schlosser,59.0,M,6,5,4,3,1,5,0,18,0.2222222222222222,12,0.6666666666666666,2,0.5,1,5,5,0,0,0,0,0.0,0,0.0,0,0.0,0,0.0,0,0,0.0,0,0,0,0,,0
2022,Zach,Currier,77.0,M,10,19,11,11,0,11,8,28,0.3928571428571428,15,0.5357142857142857,2,0.0,0,53,17,6,31,3,28,0.0967741935483871,0,0.0,0,0.0,0,0.0,0,3,2.5,0,1,0,0,,0
2022,Tim,Muller,14.0,D,10,0,0,0,0,0,0,0,0.0,0,0.0,0,0.0,0,16,2,6,0,0,0,0.0,0,0.0,0,0.0,0,0.0,0,0,0.0,0,0,0,0,,0
2022,Brad,Smith,27.0,M,10,22,13,12,1,14,8,57,0.2280701754385964,38,0.6666666666666666,4,0.25,2,7,10,0,0,0,0,0.0,0,0.0,0,0.0,0,0.0,0,0,0.0,2,2,0,2,,0
2022,Steven,DeNapoli,7.0,SSDM,4,3,3,3,0,3,0,4,0.75,4,1.0,0,0.0,0,4,2,0,0,0,0,0.0,0,0.0,0,0.0,0,0.0,0,0,0.0,0,0,0,0,,0
2022,Bryan,Costabile,26.0,M,10,20,11,10,1,12,8,65,0.1692307692307692,39,0.6,10,0.1,6,17,19,3,0,0,0,0.0,0,0.0,0,0.0,0,0.0,0,0,0.0,2,11,0,0,,0
2022,Tucker,Durkin,51.0,D,10,0,0,0,0,0,0,0,0.0,0,0.0,0,0.0,0,10,2,5,0,0,0,0.0,0,0.0,0,0.0,0,0.0,0,2,1.5,0,0,0,0,,0
2022,Tim,Edwards,23.0,SSDM,0,0,0,0,0,0,0,0,0.0,0,0.0,0,0.0,0,0,0,0,0,0,0,0.0,0,0.0,0,0.0,0,0.0,0,0,0.0,0,0,0,0,,0
2022,Ryan,Drenner,22.0,M,10,20,17,17,0,17,3,51,0.3333333333333333,34,0.6666666666666666,3,0.0,1,8,5,1,0,0,0,0.0,0,0.0,0,0.0,0,0.0,0,0,0.0,1,2,0,0,,0
2022,Jack,Kielty,40.0,D,10,0,0,0,0,0,0,0,0.0,0,0.0,0,0.0,0,12,4,7,0,0,0,0.0,0,0.0,0,0.0,0,0.0,0,1,1.0,0,0,0,0,,0
2022,Jack,Concannon,12.0,G,10,0,0,0,0,0,0,0,0.0,0,0.0,0,0.0,0,19,6,2,0,0,0,0.0,125,0.548245614035088,112,11.75981625287105,9,0.944985234605708,27429,1,1.0,0,0,0,0,,8
2022,Peter,Dearth,54.0,SSDM,9,3,1,1,0,1,2,5,0.2,4,0.8,0,0.0,0,9,5,3,0,0,0,0.0,0,0.0,0,0.0,0,0.0,0,1,0.5,0,0,0,0,,0
2022,Zach,Goodrich,14.0,SSDM,10,1,1,1,0,1,0,6,0.1666666666666666,3,0.5,1,0.0,1,9,2,6,0,0,0,0.0,0,0.0,0,0.0,0,0.0,0,5,3.5,0,0,0,0,,0
2022,Brodie,Merrill,17.0,LSM,6,1,0,0,0,0,1,0,0.0,0,0.0,0,0.0,0,15,3,6,0,0,0,0.0,0,0.0,0,0.0,0,0.0,0,2,1.5,0,0,0,0,,0
2022,Jeff,Teat,7.0,A,10,38,22,22,0,22,16,52,0.4230769230769231,36,0.6923076923076923,0,0.0,0,15,21,1,0,0,0,0.0,0,0.0,0,0.0,0,0.0,0,0,0.0,2,3,0,0,,0
2022,Trevor,Baptiste,9.0,FO,9,10,5,4,1,6,4,18,0.2777777777777778,11,0.6111111111111112,1,1.0,1,83,4,1,219,153,66,0.6986301369863014,0,0.0,0,0.0,0,0.0,0,5,2.5,0,0,0,0,,0
2022,JD,Colarusso,11.0,G,2,0,0,0,0,0,0,0,0.0,0,0.0,0,0.0,0,2,1,0,0,0,0,0.0,7,0.538461538461538,7,13.26315789473684,1,1.89473684210526,1520,0,0.0,0,0,0,0,,1
2022,Eric,Law,15.0,A,10,29,18,18,0,18,11,33,0.5454545454545454,27,0.8181818181818182,0,0.0,0,11,23,0,0,0,0,0.0,0,0.0,0,0.0,0,0.0,0,3,2.5,2,4,0,0,,0
2022,Jake,Richard,27.0,SSDM,10,2,1,1,0,1,1,4,0.25,4,1.0,2,0.0,2,9,3,7,0,0,0,0.0,0,0.0,0,0.0,0,0.0,0,5,4.0,0,0,0,0,,0
2022,Stephen,Kelly,24.0,FO,9,5,4,4,0,4,1,7,0.5714285714285714,6,0.8571428571428571,0,0.0,0,65,8,0,217,106,111,0.488479262672811,0,0.0,0,0.0,0,0.0,0,0,0.0,0,0,0,0,,0
2022,Matt,Whitcher,33.0,SSDM,10,0,0,0,0,0,0,6,0.0,4,0.6666666666666666,1,0.0,1,13,0,6,0,0,0,0.0,0,0.0,0,0.0,0,0.0,0,2,1.0,0,0,0,0,,0
2022,Dillon,Ward,37.0,G,6,1,0,0,0,0,1,0,0.0,0,0.0,0,0.0,0,16,3,5,0,0,0,0.0,73,0.506944444444444,74,12.99829226640644,3,0.526957794584044,16396,0,0.0,0,0,0,0,,4
2022,Connor,Kelly,40.0,M,10,26,16,12,4,20,6,59,0.2711864406779661,30,0.5084745762711864,13,0.3076923076923077,9,14,18,1,0,0,0,0.0,0,0.0,0,0.0,0,0.0,0,1,1.0,2,9,0,0,,0
2022,Warren,Jeffrey,27.0,D,0,0,0,0,0,0,0,0,0.0,0,0.0,0,0.0,0,0,0,0,0,0,0,0.0,0,0.0,0,0.0,0,0.0,0,0,0.0,0,0,0,0,,0
2022,Cade,van Raaphorst,77.0,D,10,7,3,0,3,6,1,12,0.25,7,0.5833333333333334,10,0.3,5,25,5,11,0,0,0,0.0,0,0.0,0,0.0,0,0.0,0,3,2.0,0,0,0,0,,0
2022,Danny,Logan,91.0,SSDM,10,9,4,1,3,7,2,8,0.5,6,0.75,6,0.5,5,20,3,6,12,2,10,0.1666666666666666,0,0.0,0,0.0,0,0.0,0,3,2.0,0,0,0,0,,0
2022,Troy,Reh,10.0,LSM,10,1,1,1,0,1,0,3,0.3333333333333333,3,1.0,2,0.0,2,26,1,7,2,0,2,0.0,0,0.0,0,0.0,0,0.0,0,4,4.0,0,0,0,0,,0
2022,Patrick,Resch,34.0,SSDM,10,2,1,1,0,1,1,4,0.25,3,0.75,2,0.0,1,15,4,9,0,0,0,0.0,0,0.0,0,0.0,0,0.0,0,0,0.0,0,0,0,0,,0
2022,CJ,Costabile,9.0,LSM,10,9,6,4,2,8,1,19,0.3157894736842105,11,0.5789473684210527,9,0.2222222222222222,5,29,5,2,25,13,12,0.52,0,0.0,0,0.0,0,0.0,0,5,3.0,0,1,0,0,,0
2022,John,Crawley,44.0,M,9,5,4,4,0,4,1,22,0.1818181818181818,13,0.5909090909090909,1,0.0,0,3,8,0,0,0,0,0.0,0,0.0,0,0.0,0,0.0,0,0,0.0,0,2,0,0,,0
2022,Nick,Marrocco,1.0,G,9,0,0,0,0,0,0,2,0.0,2,1.0,2,0.0,2,23,0,3,0,0,0,0.0,123,0.497975708502024,129,14.289780376168313,5,0.553867456440632,25999,1,1.0,0,0,0,0,,10
2022,Lyle,Thompson,4.0,A,9,44,26,26,0,26,18,66,0.3939393939393939,42,0.6363636363636364,0,0.0,0,22,25,5,0,0,0,0.0,0,0.0,0,0.0,0,0.0,0,1,0.5,1,5,0,0,,0
2022,Stephen,Rehfuss,6.0,M,10,14,6,6,0,6,8,29,0.2068965517241379,17,0.5862068965517241,0,0.0,0,9,16,0,0,0,0,0.0,0,0.0,0,0.0,0,0.0,0,0,0.0,0,0,0,0,,0
2022,Connor,Farrell,25.0,FO,10,2,2,2,0,2,0,11,0.1818181818181818,5,0.4545454545454545,2,0.0,2,90,11,1,233,135,97,0.5793991416309013,0,0.0,0,0.0,0,0.0,0,1,1.0,0,0,0,1,,0
2022,James,Barclay,25.0,D,1,0,0,0,0,0,0,1,0.0,1,1.0,0,0.0,0,2,0,0,0,0,0,0.0,0,0.0,0,0.0,0,0.0,0,0,0.0,0,0,0,0,,0
2022,Jordan,MacIntosh,29.0,M,9,16,14,13,1,15,1,39,0.358974358974359,28,0.717948717948718,1,1.0,1,8,16,2,0,0,0,0.0,0,0.0,0,0.0,0,0.0,0,0,0.0,1,3,0,0,,0
2022,Jared,Conners,28.0,LSM,10,4,0,0,0,0,4,4,0.0,2,0.5,3,0.0,2,18,9,6,2,0,2,0.0,0,0.0,0,0.0,0,0.0,0,2,1.5,0,0,0,0,,0
2022,Jeff,Trainor,43.0,M,5,4,3,2,1,4,0,8,0.375,5,0.625,2,0.5,2,5,0,3,0,0,0,0.0,0,0.0,0,0.0,0,0.0,0,1,0.5,0,0,0,0,,0
2022,Tre,Leclaire,44.0,M,9,8,6,6,0,6,2,24,0.25,13,0.5416666666666666,0,0.0,0,6,2,1,0,0,0,0.0,0,0.0,0,0.0,0,0.0,0,0,0.0,3,5,0,0,,0
2022,Matt,McMahon,77.0,D,10,0,0,0,0,0,0,0,0.0,0,0.0,0,0.0,0,7,2,10,0,0,0,0.0,0,0.0,0,0.0,0,0.0,0,2,1.5,0,0,0,0,,0
2022,Graeme,Hossack,81.0,D,10,0,0,0,0,0,0,3,0.0,3,1.0,2,0.0,2,38,2,11,30,5,24,0.1666666666666666,0,0.0,0,0.0,0,0.0,0,5,4.0,0,0,0,0,,0
2022,Kyle,Pless,2.0,LSM,0,0,0,0,0,0,0,0,0.0,0,0.0,0,0.0,0,0,0,0,0,0,0,0.0,0,0.0,0,0.0,0,0.0,0,0,0.0,0,0,0,0,,0
2022,Daniel,Bucaro,4.0,M,9,12,9,9,0,9,3,31,0.2903225806451613,17,0.5483870967741935,0,0.0,0,5,9,1,0,0,0,0.0,0,0.0,0,0.0,0,0.0,0,0,0.0,0,0,0,0,,0
2022,Romar,Dennis,5.0,M,8,10,5,3,2,7,3,27,0.1851851851851851,14,0.5185185185185185,13,0.1538461538461538,5,0,2,1,0,0,0,0.0,0,0.0,0,0.0,0,0.0,0,1,0.5,0,0,0,1,,0
2022,Dox,Aitken,6.0,M,8,10,8,8,0,8,2,23,0.3478260869565217,17,0.7391304347826086,0,0.0,0,9,10,1,0,0,0,0.0,0,0.0,0,0.0,0,0.0,0,0,0.0,0,0,0,0,,0
2022,Jesse,Bernhardt,36.0,D,10,0,0,0,0,0,0,1,0.0,1,1.0,1,0.0,1,22,4,8,0,0,0,0.0,0,0.0,0,0.0,0,0.0,0,1,1.0,0,0,0,0,,0
2022,Kyle,Hartzell,81.0,LSM,8,3,2,1,1,3,0,4,0.5,3,0.75,3,0.3333333333333333,2,9,2,5,1,0,1,0.0,0,0.0,0,0.0,0,0.0,0,1,1.0,0,0,1,1,,0
2022,Tim,Troutner,0.0,G,4,0,0,0,0,0,0,0,0.0,0,0.0,0,0.0,0,11,1,2,0,0,0,0.0,20,0.357142857142857,37,10.535890844374132,1,0.284753806604706,10114,0,0.0,0,0,0,0,,4
2022,Johnny,Surdick,18.0,D,0,0,0,0,0,0,0,0,0.0,0,0.0,0,0.0,0,0,0,0,0,0,0,0.0,0,0.0,0,0.0,0,0.0,0,0,0.0,0,0,0,0,,0
2022,Austin,Kaut,19.0,G,0,0,0,0,0,0,0,0,0.0,0,0.0,0,0.0,0,0,0,0,0,0,0,0.0,0,0.0,0,0.0,0,0.0,0,0,0.0,0,0,0,0,,0
2022,Josh,Byrne,22.0,A,7,20,15,15,0,15,5,53,0.2830188679245283,32,0.6037735849056604,1,0.0,0,9,15,2,0,0,0,0.0,0,0.0,0,0.0,0,0.0,0,2,1.5,1,1,0,1,,0
2022,Drew,Simoneau,23.0,FO,0,0,0,0,0,0,0,0,0.0,0,0.0,0,0.0,0,0,0,0,0,0,0,0.0,0,0.0,0,0.0,0,0.0,0,0,0.0,0,0,0,0,,0
2022,Jules,Heningburg,7.0,M,8,19,12,12,0,12,7,36,0.3333333333333333,27,0.75,0,0.0,0,10,13,1,0,0,0,0.0,0,0.0,0,0.0,0,0.0,0,0,0.0,0,0,0,0,,0
2022,Myles,Jones,15.0,M,10,22,12,9,3,15,7,55,0.2181818181818181,28,0.509090909090909,13,0.2307692307692307,5,5,12,1,0,0,0,0.0,0,0.0,0,0.0,0,0.0,0,2,1.0,0,5,0,0,,0
2022,Eddy,Glazener,30.0,D,9,4,2,0,2,4,0,6,0.3333333333333333,6,1.0,5,0.4,5,15,2,10,0,0,0,0.0,0,0.0,0,0.0,0,0.0,0,0,0.0,0,0,0,0,,0
2022,Andrew,Newbold,11.0,LSM,4,1,1,1,0,1,0,3,0.3333333333333333,2,0.6666666666666666,1,0.0,0,0,0,1,3,0,3,0.0,0,0.0,0,0.0,0,0.0,0,0,0.0,0,0,0,0,,0
2022,Mark,Cockerton,21.0,A,3,6,6,6,0,6,0,26,0.2307692307692307,12,0.4615384615384615,0,0.0,0,0,3,0,0,0,0,0.0,0,0.0,0,0.0,0,0.0,0,0,0.0,0,2,0,0,,0
2022,Ryan,Tierney,26.0,M,7,5,5,5,0,5,0,14,0.3571428571428571,10,0.7142857142857143,1,0.0,1,6,8,0,0,0,0,0.0,0,0.0,0,0.0,0,0.0,0,1,1.0,0,1,0,0,,0
2022,TD,Ierlan,6.0,FO,10,2,1,1,0,1,1,5,0.2,3,0.6,0,0.0,0,78,9,5,252,135,114,0.5357142857142857,0,0.0,0,0.0,0,0.0,0,2,1.5,0,0,0,0,,0
2022,Mike,Chanenchuk,1.0,M,10,22,16,14,2,18,4,61,0.2622950819672131,37,0.6065573770491803,13,0.1538461538461538,8,5,10,0,0,0,0,0.0,0,0.0,0,0.0,0,0.0,0,0,0.0,2,7,0,0,,0
2022,Jake,Bernhardt,83.0,SSDM,8,1,1,1,0,1,0,2,0.5,2,1.0,0,0.0,0,4,0,0,0,0,0,0.0,0,0.0,0,0.0,0,0.0,0,1,0.5,0,0,0,0,,0
2022,Brendan,Kavanagh,27.0,A,0,0,0,0,0,0,0,0,0.0,0,0.0,0,0.0,0,0,0,0,0,0,0,0.0,0,0.0,0,0.0,0,0.0,0,0,0.0,0,0,0,0,,0
2022,Ryan,Terefenko,34.0,SSDM,10,5,2,2,0,2,3,4,0.5,3,0.75,0,0.0,0,21,7,6,0,0,0,0.0,0,0.0,0,0.0,0,0.0,0,2,1.5,0,0,0,0,,0
2022,Kevin,Rogers,77.0,M,5,4,1,1,0,1,3,11,0.0909090909090909,5,0.4545454545454545,1,0.0,0,5,2,1,0,0,0,0.0,0,0.0,0,0.0,0,0.0,0,0,0.0,0,0,0,0,,0
2022,Matt,Kavanagh,10.0,A,10,13,8,8,0,8,5,46,0.1739130434782608,25,0.5434782608695652,0,0.0,0,16,19,2,0,0,0,0.0,0,0.0,0,0.0,0,0.0,0,1,0.5,1,2,0,0,,0
2021,Joseph,Nardella,91.0,FO,9,7,2,2,0,2,5,10,0.2,7,0.7,0,0.0,0,66,8,3,221,127,94,0.5746606334841629,0,0.0,0,0.0,0,0.0,0,2,2.0,0,0,0,0,,0
2021,Ryan,Ambler,13.0,M,9,15,13,13,0,13,2,37,0.3513513513513513,21,0.5675675675675675,3,0.0,2,4,7,1,0,0,0,0.0,0,0.0,0,0.0,0,0.0,0,0,0.0,0,4,0,0,,0
2021,Conor,Gaffney,38.0,FO,1,0,0,0,0,0,0,0,0.0,0,0.0,0,0.0,0,4,0,0,23,9,14,0.391304347826087,0,0.0,0,0.0,0,0.0,0,0,0.0,0,0,0,0,,0
2021,Jeff,Trainor,43.0,M,3,0,0,0,0,0,0,2,0.0,0,0.0,0,0.0,0,3,1,2,0,0,0,0.0,0,0.0,0,0.0,0,0.0,0,2,2.0,0,0,0,0,,0
2021,Blaze,Riorden,0.0,G,9,1,0,0,0,0,1,1,0.0,0,0.0,0,0.0,0,23,2,7,0,0,0,0.0,149,0.610655737704918,103,11.478987694450897,8,0.0,25842,0,0.0,0,0,0,0,,9
2021,Chris,Cloutier,2.0,A,9,19,12,12,0,12,7,33,0.3636363636363636,23,0.696969696969697,2,0.0,1,21,10,1,0,0,0,0.0,0,0.0,0,0.0,0,0.0,0,2,5.5,0,2,0,0,,0
2021,Mac,O'Keefe,3.0,A,9,13,9,7,2,11,2,29,0.3103448275862069,18,0.6206896551724138,11,0.1818181818181818,7,4,5,0,0,0,0,0.0,0,0.0,0,0.0,0,0.0,0,0,0.0,0,3,0,0,,0
2021,Eric,Scott,5.0,M,2,0,0,0,0,0,0,2,0.0,2,1.0,0,0.0,0,0,2,0,0,0,0,0.0,0,0.0,0,0.0,0,0.0,0,0,0.0,0,0,0,0,,0
2021,Max,Adler,9.0,FO,7,3,1,1,0,1,2,4,0.25,3,0.75,0,0.0,0,38,9,4,167,81,86,0.4850299401197604,0,0.0,0,0.0,0,0.0,0,0,0.0,0,0,0,0,,0
2021,Jarrod,Neumann,88.0,D,9,2,0,0,0,0,2,5,0.0,3,0.6,4,0.0,2,17,1,11,0,0,0,0.0,0,0.0,0,0.0,0,0.0,0,0,0.0,0,0,0,0,,0
2021,Dhane,Smith,92.0,M,9,20,7,7,0,7,13,22,0.3181818181818182,17,0.7727272727272727,0,0.0,0,10,21,0,0,0,0,0.0,0,0.0,0,0.0,0,0.0,0,2,1.5,0,0,0,0,,0
2021,Chase,Fraser,95.0,A,5,13,12,12,0,12,1,35,0.3428571428571428,23,0.6571428571428571,3,0.0,2,5,10,0,0,0,0,0.0,0,0.0,0,0.0,0,0.0,0,1,5.0,0,1,0,0,,0
2021,Jack,Rowlett,99.0,D,8,1,0,0,0,0,1,0,0.0,0,0.0,0,0.0,0,15,4,14,5,0,5,0.0,0,0.0,0,0.0,0,0.0,0,5,3.5,0,0,0,0,,0
2021,JT,Giles-Harris,,D,0,0,0,0,0,0,0,0,0.0,0,0.0,0,0.0,0,0,0,0,0,0,0,0.0,0,0.0,0,0.0,0,0.0,0,0,0.0,0,0,0,0,,0
2021,Eric,Rubak,,D,0,0,0,0,0,0,0,0,0.0,0,0.0,0,0.0,0,0,0,0,0,0,0,0.0,0,0.0,0,0.0,0,0.0,0,0,0.0,0,0,0,0,,0
2021,Colin,Heacock,2.0,A,9,19,16,14,2,18,1,41,0.3902439024390244,26,0.6341463414634146,6,0.3333333333333333,4,6,5,1,0,0,0,0.0,0,0.0,0,0.0,0,0.0,0,1,0.5,2,4,0,0,,0
2021,Isaiah,Davis-Allen,26.0,SSDM,9,0,0,0,0,0,0,1,0.0,1,1.0,0,0.0,0,10,4,3,4,0,4,0.0,0,0.0,0,0.0,0,0.0,0,3,2.5,0,0,0,0,,0
2021,Eddy,Glazener,30.0,D,9,0,0,0,0,0,0,3,0.0,2,0.6666666666666666,3,0.0,2,13,7,8,0,0,0,0.0,0,0.0,0,0.0,0,0.0,0,0,0.0,0,0,0,0,,0
2021,Hugh,Crance,31.0,LSM,5,0,0,0,0,0,0,0,0.0,0,0.0,0,0.0,0,7,3,1,0,0,0,0.0,0,0.0,0,0.0,0,0.0,0,1,1.0,0,0,0,0,,0
2021,Finn,Sullivan,36.0,D,9,0,0,0,0,0,0,0,0.0,0,0.0,0,0.0,0,10,4,9,0,0,0,0.0,0,0.0,0,0.0,0,0.0,0,2,1.5,0,0,0,0,,0
2021,Patrick,Harbeson,40.0,SSDM,5,2,1,1,0,1,1,1,1.0,1,1.0,0,0.0,0,4,2,1,2,0,2,0.0,0,0.0,0,0.0,0,0.0,0,2,1.0,0,0,0,0,,0
2021,Charlie,Bertrand,41.0,M,6,8,6,5,1,7,1,13,0.4615384615384615,9,0.6923076923076923,1,1.0,1,4,6,0,0,0,0,0.0,0,0.0,0,0.0,0,0.0,0,0,0.0,0,0,0,0,,0
2021,Ryan,Lee,45.0,A,3,5,4,4,0,4,1,14,0.2857142857142857,11,0.7857142857142857,0,0.0,0,3,1,0,0,0,0,0.0,0,0.0,0,0.0,0,0.0,0,2,1.5,1,1,0,0,,0
2021,John,Sexton,46.0,LSM,8,0,0,0,0,0,0,3,0.0,1,0.3333333333333333,1,0.0,0,18,3,4,7,2,5,0.2857142857142857,0,0.0,0,0.0,0,0.0,0,2,1.5,0,0,0,0,,0
2021,Will,Perry,10.0,M,2,0,0,0,0,0,0,0,0.0,0,0.0,0,0.0,0,1,0,0,0,0,0,0.0,0,0.0,0,0.0,0,0.0,0,0,0.0,0,0,0,0,,0
2021,Ryan,Tierney,11.0,A,6,3,1,1,0,1,2,12,0.0833333333333333,9,0.75,1,0.0,1,8,7,1,0,0,0,0.0,0,0.0,0,0.0,0,0.0,0,1,1.0,0,4,0,0,,0
2021,Tim,Muller,14.0,D,9,2,0,0,0,0,2,0,0.0,0,0.0,0,0.0,0,15,1,7,0,0,0,0.0,0,0.0,0,0.0,0,0.0,0,1,2.0,0,0,0,0,,0
2021,Nick,Manis,20.0,M,1,0,0,0,0,0,0,0,0.0,0,0.0,0,0.0,0,0,0,1,0,0,0,0.0,0,0.0,0,0.0,0,0.0,0,0,0.0,0,0,0,0,,0
2021,Marcus,Holman,1.0,A,9,24,16,16,0,16,8,50,0.32,35,0.7,2,0.0,1,24,12,2,0,0,0,0.0,0,0.0,0,0.0,0,0.0,0,1,1.0,1,3,0,1,,0
2021,Scott,Ratliff,2.0,LSM,9,7,2,0,2,4,3,6,0.3333333333333333,5,0.8333333333333334,4,0.5,4,19,6,5,1,0,1,0.0,0,0.0,0,0.0,0,0.0,0,1,1.0,0,0,0,0,,0
2021,Will,Manny,4.0,A,9,26,19,19,0,19,7,50,0.38,37,0.74,0,0.0,0,14,8,2,0,0,0,0.0,0,0.0,0,0.0,0,0.0,0,2,2.0,3,6,0,0,,0
2021,Connor,Fields,5.0,A,9,22,13,12,1,14,8,40,0.325,28,0.7,1,1.0,1,10,16,0,0,0,0,0.0,0,0.0,0,0.0,0,0.0,0,1,0.5,4,5,0,0,,0
2021,Adam,Ghitelman,8.0,G,9,3,1,0,1,2,1,6,0.1666666666666666,1,0.1666666666666666,6,0.1666666666666666,1,27,3,0,0,0,0,0.0,95,0.616883116883117,64,10.257665980299404,5,0.0,17969,1,0.5,0,0,0,0,,2
2021,Drew,Adams,14.0,G,9,0,0,0,0,0,0,1,0.0,1,1.0,1,0.0,1,6,1,0,0,0,0,0.0,35,0.564516129032258,31,11.773704338652248,4,0.0,7583,0,0.0,0,0,0,0,,2
2021,Grant,Ament,16.0,A,9,35,13,13,0,13,22,39,0.3333333333333333,28,0.717948717948718,0,0.0,0,17,18,3,0,0,0,0.0,0,0.0,0,0.0,0,0.0,0,0,0.0,0,0,0,0,,0
2021,Jackson,Place,17.0,D,1,0,0,0,0,0,0,0,0.0,0,0.0,0,0.0,0,0,0,2,0,0,0,0.0,0,0.0,0,0.0,0,0.0,0,0,0.0,0,0,0,0,,0
2021,Austin,Sims,18.0,M,0,0,0,0,0,0,0,0,0.0,0,0.0,0,0.0,0,0,0,0,0,0,0,0.0,0,0.0,0,0.0,0,0.0,0,0,0.0,0,0,0,0,,0
2021,Mark,McNeill,21.0,SSDM,9,0,0,0,0,0,0,2,0.0,2,1.0,0,0.0,0,18,4,6,0,0,0,0.0,0,0.0,0,0.0,0,0.0,0,0,0.0,0,1,0,0,,0
2021,Latrell,Harris,22.0,SSDM,9,5,4,4,0,4,1,6,0.6666666666666666,5,0.8333333333333334,0,0.0,0,11,2,6,0,0,0,0.0,0,0.0,0,0.0,0,0.0,0,3,1.5,0,0,0,0,,0
2021,Dominique,Alexander,23.0,SSDM,9,3,2,2,0,2,1,2,1.0,2,1.0,0,0.0,0,10,4,8,0,0,0,0.0,0,0.0,0,0.0,0,0.0,0,3,2.0,0,0,0,0,,0
2021,Stephen,Kelly,24.0,FO,8,4,3,3,0,3,1,8,0.375,6,0.75,0,0.0,0,47,7,2,193,89,104,0.4611398963730569,0,0.0,0,0.0,0,0.0,0,0,0.0,0,0,0,0,,0
2021,Tom,Schreiber,26.0,M,9,27,14,14,0,14,13,64,0.21875,34,0.53125,7,0.0,5,6,15,1,0,0,0,0.0,0,0.0,0,0.0,0,0.0,0,0,0.0,1,2,0,0,,0
2021,Warren,Jeffrey,27.0,D,9,1,0,0,0,0,1,0,0.0,0,0.0,0,0.0,0,13,1,5,0,0,0,0.0,0,0.0,0,0.0,0,0.0,0,2,2.0,0,0,0,0,,0
2021,Tre,Leclaire,44.0,A,6,7,7,7,0,7,0,16,0.4375,9,0.5625,2,0.0,0,4,2,1,0,0,0,0.0,0,0.0,0,0.0,0,0.0,0,0,0.0,1,1,0,0,,0
2021,Matt,McMahon,77.0,D,9,0,0,0,0,0,0,1,0.0,1,1.0,1,0.0,1,19,2,14,0,0,0,0.0,0,0.0,0,0.0,0,0.0,0,0,0.0,0,0,0,0,,0
2021,Graeme,Hossack,81.0,D,9,0,0,0,0,0,0,5,0.0,3,0.6,3,0.0,1,28,4,15,15,5,10,0.3333333333333333,0,0.0,0,0.0,0,0.0,0,1,1.0,0,0,0,0,,0
2021,Ryan,McNamara,88.0,M,5,5,5,5,0,5,0,17,0.2941176470588235,8,0.4705882352941176,2,0.0,1,4,4,0,0,0,0,0.0,0,0.0,0,0.0,0,0.0,0,0,0.0,0,1,0,0,,0
2021,Kyle,Pless,2.0,LSM,6,0,0,0,0,0,0,1,0.0,0,0.0,0,0.0,0,8,1,5,0,0,0,0.0,0,0.0,0,0.0,0,0.0,0,0,0.0,0,0,0,0,,0
2021,Daniel,Bucaro,4.0,M,9,12,9,9,0,9,3,45,0.2,29,0.6444444444444445,2,0.0,1,13,6,2,0,0,0,0.0,0,0.0,0,0.0,0,0.0,0,0,0.0,0,0,0,0,,0
2021,Romar,Dennis,5.0,M,8,12,9,7,2,11,1,37,0.2432432432432432,22,0.5945945945945946,16,0.125,8,3,10,2,0,0,0,0.0,0,0.0,0,0.0,0,0.0,0,3,2.0,0,0,0,0,,0
2021,Dox,Aitken,6.0,M,5,7,4,3,1,5,2,14,0.2857142857142857,11,0.7857142857142857,2,0.5,2,3,2,0,0,0,0,0.0,0,0.0,0,0.0,0,0.0,0,0,0.0,0,0,0,0,,0
2021,Jeff,Teat,7.0,A,7,32,16,16,0,16,16,40,0.4,31,0.775,0,0.0,0,18,26,4,0,0,0,0.0,0,0.0,0,0.0,0,0.0,0,0,0.0,0,0,0,0,,0
2021,Brent,Adams,8.0,M,6,4,1,1,0,1,3,11,0.0909090909090909,6,0.5454545454545454,3,0.0,2,14,4,3,0,0,0,0.0,0,0.0,0,0.0,0,0.0,0,0,0.0,0,0,0,0,,0
2021,Trevor,Baptiste,9.0,FO,9,6,4,4,0,4,2,13,0.3076923076923077,9,0.6923076923076923,1,0.0,1,83,9,2,229,149,80,0.6506550218340611,0,0.0,0,0.0,0,0.0,0,0,0.0,0,0,0,0,,0
2021,JD,Colarusso,11.0,G,9,0,0,0,0,0,0,2,0.0,0,0.0,1,0.0,0,16,0,3,0,0,0,0.0,45,0.494505494505495,47,10.998618672300315,1,0.0,12307,0,0.0,0,0,0,0,,1
2021,Jack,Concannon,12.0,G,5,0,0,0,0,0,0,0,0.0,0,0.0,0,0.0,0,7,4,0,0,0,0,0.0,57,0.504424778761062,60,12.740544127405444,4,0.0,13563,0,0.0,0,0,0,0,,2
2021,Eric,Law,15.0,A,9,24,15,15,0,15,9,38,0.3947368421052631,32,0.8421052631578947,3,0.0,1,13,18,2,0,0,0,0.0,0,0.0,0,0.0,0,0.0,0,2,2.0,0,0,0,0,,0
2021,Gerard,Arceri,16.0,FO,0,0,0,0,0,0,0,0,0.0,0,0.0,0,0.0,0,0,0,0,0,0,0,0.0,0,0.0,0,0.0,0,0.0,0,0,0.0,0,0,0,0,,0
2021,Austin,Pifani,17.0,D,0,0,0,0,0,0,0,0,0.0,0,0.0,0,0.0,0,0,0,0,0,0,0,0.0,0,0.0,0,0.0,0,0.0,0,0,0.0,0,0,0,0,,0
2021,Jake,Carraway,19.0,A,9,21,16,14,2,18,3,54,0.2962962962962963,29,0.5370370370370371,10,0.2,3,13,11,1,0,0,0,0.0,0,0.0,0,0.0,0,0.0,0,0,0.0,2,3,0,0,,0
2021,Craig,Chick,21.0,LSM,8,1,1,1,0,1,0,3,0.3333333333333333,1,0.3333333333333333,0,0.0,0,32,0,11,0,0,0,0.0,0,0.0,0,0.0,0,0.0,0,1,0.5,0,1,0,0,,0
2021,Michael,Rexrode,22.0,D,9,0,0,0,0,0,0,1,0.0,0,0.0,1,0.0,0,16,5,14,0,0,0,0.0,0,0.0,0,0.0,0,0.0,0,0,0.0,0,0,0,0,,0
2021,Bryan,Costabile,26.0,M,9,28,18,15,3,21,7,63,0.2857142857142857,33,0.5238095238095238,8,0.375,4,13,13,4,0,0,0,0.0,0,0.0,0,0.0,0,0.0,0,0,0.0,1,2,0,0,,0
2021,Jake,Richard,27.0,M,9,1,0,0,0,0,1,1,0.0,1,1.0,0,0.0,0,7,0,7,0,0,0,0.0,0,0.0,0,0.0,0,0.0,0,2,1.0,0,0,0,0,,0
2021,Andrew,Newbold,33.0,D,4,0,0,0,0,0,0,1,0.0,1,1.0,1,0.0,1,9,2,3,0,0,0,0.0,0,0.0,0,0.0,0,0.0,0,0,0.0,0,0,0,0,,0
2021,Mark,Cockerton,41.0,A,9,13,9,9,0,9,4,36,0.25,28,0.7777777777777778,0,0.0,0,13,6,1,0,0,0,0.0,0,0.0,0,0.0,0,0.0,0,0,0.0,0,3,0,0,,0
2021,John,Crawley,44.0,M,6,7,4,2,2,6,1,19,0.2105263157894736,7,0.3684210526315789,2,1.0,2,3,4,0,0,0,0,0.0,0,0.0,0,0.0,0,0.0,0,0,0.0,0,0,0,0,,0
2021,Tucker,Durkin,51.0,D,9,0,0,0,0,0,0,1,0.0,0,0.0,1,0.0,0,14,4,7,0,0,0,0.0,0,0.0,0,0.0,0,0.0,0,2,2.0,0,0,0,0,,0
2021,Peter,Dearth,54.0,SSDM,3,0,0,0,0,0,0,2,0.0,1,0.5,0,0.0,0,5,0,1,0,0,0,0.0,0,0.0,0,0.0,0,0.0,0,0,0.0,0,0,0,0,,0
2021,Joel,Tinney,55.0,M,1,0,0,0,0,0,0,2,0.0,1,0.5,0,0.0,0,0,1,0,0,0,0,0.0,0,0.0,0,0.0,0,0.0,0,0,0.0,0,0,0,0,,0
2021,Cade,van Raaphorst,77.0,D,9,2,0,0,0,0,2,3,0.0,1,0.3333333333333333,3,0.0,1,26,4,16,0,0,0,0.0,0,0.0,0,0.0,0,0.0,0,2,1.5,0,0,0,0,,0
2021,Danny,Logan,91.0,SSDM,9,7,3,2,1,4,3,5,0.6,5,1.0,2,0.5,2,20,3,8,18,5,13,0.2777777777777778,0,0.0,0,0.0,0,0.0,0,1,0.5,0,0,0,0,,0
2021,Adam,Charalambides,,A,0,0,0,0,0,0,0,0,0.0,0,0.0,0,0.0,0,0,0,0,0,0,0,0.0,0,0.0,0,0.0,0,0.0,0,0,0.0,0,0,0,0,,0
2021,Jacob,Stover,0.0,G,9,0,0,0,0,0,0,0,0.0,0,0.0,0,0.0,0,0,0,0,0,0,0,0.0,3,0.333333333333333,6,24.033379694019477,0,0.0,719,0,0.0,0,1,0,0,,0
2021,Nick,Marrocco,1.0,G,9,0,0,0,0,0,0,0,0.0,0,0.0,0,0.0,0,28,2,5,0,0,0,0.0,137,0.556910569105691,114,13.033226152197214,5,0.0,25191,1,5.0,0,0,0,0,,10
2021,Brendan,Fowler,3.0,FO,0,0,0,0,0,0,0,0,0.0,0,0.0,0,0.0,0,0,0,0,0,0,0,0.0,0,0.0,0,0.0,0,0.0,0,0,0.0,0,0,0,0,,0
2021,Nate,Solomon,3.0,A,0,0,0,0,0,0,0,0,0.0,0,0.0,0,0.0,0,0,0,0,0,0,0,0.0,0,0.0,0,0.0,0,0.0,0,0,0.0,0,0,0,0,,0
2021,Lyle,Thompson,4.0,A,9,32,22,22,0,22,10,67,0.3283582089552239,48,0.7164179104477612,0,0.0,0,21,30,6,0,0,0,0.0,0,0.0,0,0.0,0,0.0,0,2,1.0,0,3,1,1,,0
2021,Stephen,Rehfuss,6.0,M,9,25,14,14,0,14,11,31,0.4516129032258064,18,0.5806451612903226,0,0.0,0,5,12,0,0,0,0,0.0,0,0.0,0,0.0,0,0.0,0,0,0.0,1,1,0,0,,0
2021,Reece,Eddy,9.0,LSM,9,4,1,0,1,2,2,1,1.0,1,1.0,1,1.0,1,22,4,10,1,0,1,0.0,0,0.0,0,0.0,0,0.0,0,4,5.0,0,0,0,0,,0
2021,Jake,Pulver,12.0,D,9,1,1,1,0,1,0,4,0.25,2,0.5,1,0.0,0,10,2,18,10,2,8,0.2,0,0.0,0,0.0,0,0.0,0,3,2.5,0,0,0,0,,0
2021,Jamie,Trimboli,12.0,M,6,6,4,4,0,4,2,20,0.2,12,0.6,2,0.0,2,4,8,0,0,0,0,0.0,0,0.0,0,0.0,0,0.0,0,0,0.0,0,0,0,0,,0
2021,Kevin,Reisman,13.0,FO,5,0,0,0,0,0,0,5,0.0,0,0.0,0,0.0,0,22,3,0,104,40,64,0.3846153846153846,0,0.0,0,0.0,0,0.0,0,0,0.0,0,0,0,0,,0
2021,Zach,Goodrich,14.0,SSDM,9,1,0,0,0,0,1,3,0.0,1,0.3333333333333333,0,0.0,0,14,2,12,1,0,1,0.0,0,0.0,0,0.0,0,0.0,0,2,1.0,0,0,0,0,,0
2021,Brendan,Gleason,,A,0,0,0,0,0,0,0,0,0.0,0,0.0,0,0.0,0,0,0,0,0,0,0,0.0,0,0.0,0,0.0,0,0.0,0,0,0.0,0,0,0,0,,0
2021,Connor,Kirst,34.0,M,5,3,3,3,0,3,0,19,0.1578947368421052,12,0.631578947368421,0,0.0,0,1,3,1,0,0,0,0.0,0,0.0,0,0.0,0,0.0,0,0,0.0,0,0,0,0,,0
2021,Kyle,Bernlohr,35.0,G,9,0,0,0,0,0,0,1,0.0,1,1.0,1,0.0,1,28,4,3,0,0,0,0.0,95,0.48469387755102,107,12.470055033991583,6,0.0,24712,0,0.0,0,0,0,0,,6
2021,Zed,Williams,36.0,A,8,25,23,22,1,24,1,79,0.2911392405063291,51,0.6455696202531646,4,0.25,2,22,21,2,0,0,0,0.0,0,0.0,0,0.0,0,0.0,0,1,1.0,0,5,0,0,,0
2021,Colin,Squires,39.0,D,9,0,0,0,0,0,0,1,0.0,1,1.0,1,0.0,1,19,1,8,12,4,8,0.3333333333333333,0,0.0,0,0.0,0,0.0,0,0,0.0,0,0,0,0,,0
2021,Simon,Mathias,45.0,A,2,3,3,3,0,3,0,12,0.25,6,0.5,1,0.0,0,5,4,1,0,0,0,0.0,0,0.0,0,0.0,0,0.0,0,0,0.0,0,0,0,0,,0
2021,Chris,Aslanian,57.0,A,6,6,5,5,0,5,1,19,0.2631578947368421,12,0.631578947368421,0,0.0,0,1,7,1,0,0,0,0.0,0,0.0,0,0.0,0,0.0,0,0,0.0,0,0,0,0,,0
2021,Jake,Bernhardt,83.0,SSDM,9,1,1,1,0,1,0,5,0.2,2,0.4,3,0.0,1,7,1,5,0,0,0,0.0,0,0.0,0,0.0,0,0.0,0,4,3.5,0,0,0,0,,0
2021,Jack,Rapine,9.0,D,0,0,0,0,0,0,0,0,0.0,0,0.0,0,0.0,0,0,0,0,0,0,0,0.0,0,0.0,0,0.0,0,0.0,0,0,0.0,0,0,0,0,,0
2021,Brodie,Merrill,17.0,D,9,0,0,0,0,0,0,0,0.0,0,0.0,0,0.0,0,40,5,13,0,0,0,0.0,0,0.0,0,0.0,0,0.0,0,2,2.0,0,0,0,0,,0
2021,Scott,Hooper,20.0,D,0,0,0,0,0,0,0,0,0.0,0,0.0,0,0.0,0,0,0,0,0,0,0,0.0,0,0.0,0,0.0,0,0.0,0,0,0.0,0,0,0,0,,0
2021,Ryan,Drenner,22.0,A,9,21,18,18,0,18,3,47,0.3829787234042553,33,0.7021276595744681,2,0.0,1,12,6,5,0,0,0,0.0,0,0.0,0,0.0,0,0.0,0,0,0.0,1,2,0,1,,0
2021,Tim,Edwards,23.0,M,5,0,0,0,0,0,0,0,0.0,0,0.0,0,0.0,0,10,1,0,8,2,6,0.25,0,0.0,0,0.0,0,0.0,0,0,0.0,0,0,0,0,,0
2021,Sam,Duggan,29.0,SSDM,5,1,0,0,0,0,1,1,0.0,1,1.0,0,0.0,0,5,2,1,0,0,0,0.0,0,0.0,0,0.0,0,0.0,0,1,1.0,0,0,0,0,,0
2021,Christian,Cuccinello,30.0,A,6,2,0,0,0,0,2,10,0.0,6,0.6,0,0.0,0,2,4,0,0,0,0,0.0,0,0.0,0,0.0,0,0.0,0,0,0.0,0,0,0,0,,0
2021,Shayne,Jackson,32.0,A,5,13,10,10,0,10,3,27,0.3703703703703703,23,0.8518518518518519,0,0.0,0,6,0,0,0,0,0,0.0,0,0.0,0,0.0,0,0.0,0,0,0.0,0,1,0,0,,0
2021,Connor,Buczek,33.0,M,4,6,4,4,0,4,2,17,0.2352941176470588,13,0.7647058823529411,6,0.0,5,5,6,0,0,0,0,0.0,0,0.0,0,0.0,0,0.0,0,0,0.0,0,1,0,0,,0
2021,Jack,Kielty,40.0,D,9,0,0,0,0,0,0,1,0.0,1,1.0,1,0.0,1,15,1,6,0,0,0,0.0,0,0.0,0,0.0,0,0.0,0,0,0.0,0,0,0,0,,0
2021,Andrew,Kew,42.0,A,6,13,10,10,0,10,3,23,0.4347826086956521,17,0.7391304347826086,0,0.0,0,6,3,0,0,0,0,0.0,0,0.0,0,0.0,0,0.0,0,1,0.5,0,0,0,0,,0
2021,Holden,Garlent,70.0,D,9,2,1,1,0,1,1,2,0.5,2,1.0,1,0.0,1,19,3,9,0,0,0,0.0,0,0.0,0,0.0,0,0.0,0,5,8.5,0,0,0,0,,0
2021,Tyson,Bell,94.0,SSDM,9,6,2,2,0,2,4,5,0.4,3,0.6,0,0.0,0,21,1,4,0,0,0,0.0,0,0.0,0,0.0,0,0.0,0,6,9.0,0,0,0,0,,0
2021,Paul,Rabil,99.0,M,9,26,18,16,2,20,6,50,0.36,39,0.78,13,0.1538461538461538,11,9,14,2,0,0,0,0.0,0,0.0,0,0.0,0,0.0,0,0,0.0,2,3,0,0,,0
2021,CJ,Costabile,9.0,LSM,9,10,4,0,4,8,2,10,0.4,8,0.8,10,0.4,8,23,10,8,10,4,6,0.4,0,0.0,0,0.0,0,0.0,0,1,0.5,0,0,0,0,,0
2021,Troy,Reh,10.0,LSM,9,1,1,1,0,1,0,10,0.1,6,0.6,8,0.0,4,27,3,10,0,0,0,0.0,0,0.0,0,0.0,0,0.0,0,2,6.0,0,0,0,0,,0
2021,Dalton,Crossan,11.0,M,0,0,0,0,0,0,0,0,0.0,0,0.0,0,0.0,0,0,0,0,0,0,0,0.0,0,0.0,0,0.0,0,0.0,0,0,0.0,0,0,0,0,,0
2021,Wes,Berg,14.0,A,5,7,5,5,0,5,2,11,0.4545454545454545,7,0.6363636363636364,0,0.0,0,4,5,0,0,0,0,0.0,0,0.0,0,0.0,0,0.0,0,0,0.0,1,1,0,0,,0
2021,Mark,Glicini,16.0,SSDM,9,0,0,0,0,0,0,2,0.0,2,1.0,1,0.0,1,21,5,3,0,0,0,0.0,0,0.0,0,0.0,0,0.0,0,1,0.5,0,0,0,0,,0
2021,Johnny,Surdick,18.0,D,9,0,0,0,0,0,0,0,0.0,0,0.0,0,0.0,0,21,3,13,0,0,0,0.0,0,0.0,0,0.0,0,0.0,0,1,1.0,0,0,0,0,,0
2021,Austin,Kaut,19.0,G,9,0,0,0,0,0,0,0,0.0,0,0.0,0,0.0,0,0,0,0,0,0,0,0.0,0,0.0,2,73.84615384615384,1,0.0,78,0,0.0,0,0,0,0,,0
2021,Josh,Byrne,22.0,A,9,29,17,17,0,17,12,67,0.2537313432835821,37,0.5522388059701493,7,0.0,3,19,22,1,0,0,0,0.0,0,0.0,0,0.0,0,0.0,0,1,0.5,0,0,0,1,,0
2021,Patrick,Resch,34.0,SSDM,9,3,0,0,0,0,3,3,0.0,1,0.3333333333333333,0,0.0,0,12,6,5,0,0,0,0.0,0,0.0,0,0.0,0,0.0,0,1,0.5,0,0,0,0,,0
2021,Ryan,Smith,43.0,A,5,9,7,7,0,7,2,13,0.5384615384615384,9,0.6923076923076923,0,0.0,0,5,3,0,0,0,0,0.0,0,0.0,0,0.0,0,0.0,0,0,0.0,0,0,0,0,,0
2021,Matt,Rees,44.0,LSM,1,0,0,0,0,0,0,0,0.0,0,0.0,0,0.0,0,2,0,0,0,0,0,0.0,0,0.0,0,0.0,0,0.0,0,1,1.0,0,0,0,0,,0
2021,Kyle,Jackson,47.0,M,5,4,3,3,0,3,1,13,0.2307692307692307,8,0.6153846153846154,1,0.0,0,1,1,0,0,0,0,0.0,0,0.0,0,0.0,0,0.0,0,0,0.0,0,1,0,0,,0
2021,Kyle,Gallagher,52.0,FO,2,0,0,0,0,0,0,1,0.0,1,1.0,1,0.0,1,8,1,1,40,12,28,0.3,0,0.0,0,0.0,0,0.0,0,0,0.0,0,0,0,0,,0
2021,Jake,Froccaro,54.0,M,6,10,3,1,2,5,5,24,0.125,12,0.5,10,0.2,6,7,7,0,0,0,0,0.0,0,0.0,0,0.0,0,0.0,0,0,0.0,1,3,0,0,,0
2021,Ian,MacKay,55.0,LSM,9,9,6,3,3,9,0,13,0.4615384615384615,7,0.5384615384615384,6,0.5,4,18,6,6,0,0,0,0.0,0,0.0,0,0.0,0,0.0,0,6,5.5,0,0,0,0,,0
2021,Dan,Coates,57.0,D,4,0,0,0,0,0,0,0,0.0,0,0.0,0,0.0,0,5,1,0,0,0,0,0.0,0,0.0,0,0.0,0,0.0,0,1,0.5,0,0,0,0,,0
2021,Tanner,Cook,77.0,M,3,2,1,1,0,1,1,6,0.1666666666666666,3,0.5,0,0.0,0,2,1,1,0,0,0,0.0,0,0.0,0,0.0,0,0.0,0,0,0.0,1,1,0,0,,0
2021,Nick,Grill,,D,4,0,0,0,0,0,0,0,0.0,0,0.0,0,0.0,0,6,0,0,0,0,0,0.0,0,0.0,0,0.0,0,0.0,0,0,0.0,0,0,0,0,,0
2021,Brian,Phipps,30.0,G,8,0,0,0,0,0,0,0,0.0,0,0.0,0,0.0,0,4,0,2,0,0,0,0.0,6,0.75,10,10.0,0,0.0,2880,0,0.0,0,0,0,0,,0
2021,Justin,Guterding,22.0,A,8,9,6,6,0,6,3,34,0.1764705882352941,22,0.6470588235294118,1,0.0,1,10,13,4,0,0,0,0.0,0,0.0,0,0.0,0,0.0,0,0,0.0,0,2,0,0,,0
2021,Eli,Salama,3.0,LSM,1,0,0,0,0,0,0,1,0.0,0,0.0,1,0.0,0,0,0,0,0,0,0,0.0,0,0.0,0,0.0,0,0.0,0,0,0.0,0,0,0,0,,0
2021,Jackson,Morrill,4.0,A,9,22,16,16,0,16,6,40,0.4,26,0.65,0,0.0,0,18,22,3,0,0,0,0.0,0,0.0,0,0.0,0,0.0,0,0,0.0,1,2,0,0,,0
2021,Michael,Manley,5.0,D,9,4,2,1,1,3,1,8,0.25,6,0.75,4,0.25,3,14,6,7,0,0,0,0.0,0,0.0,0,0.0,0,0.0,0,3,3.0,0,0,0,0,,0
2021,Nick,Washuta,19.0,G,0,0,0,0,0,0,0,0,0.0,0,0.0,0,0.0,0,0,0,0,0,0,0,0.0,0,0.0,0,0.0,0,0.0,0,0,0.0,0,0,0,0,,0
2021,Kyle,Thornton,19.0,D,4,0,0,0,0,0,0,0,0.0,0,0.0,0,0.0,0,6,4,0,0,0,0,0.0,0,0.0,0,0.0,0,0.0,0,0,0.0,0,0,0,0,,0
2021,Christian,Mazzone,6.0,M,8,10,6,6,0,6,4,18,0.3333333333333333,10,0.5555555555555556,0,0.0,0,12,14,2,0,0,0,0.0,0,0.0,0,0.0,0,0.0,0,0,0.0,0,0,0,0,,0
2021,Jared,Conners,28.0,LSM,8,0,0,0,0,0,0,3,0.0,1,0.3333333333333333,1,0.0,1,12,3,3,3,0,3,0.0,0,0.0,0,0.0,0,0.0,0,0,0.0,0,0,0,0,,0
2021,Kevin,Unterstein,13.0,M,12,0,0,0,0,0,0,2,0.0,2,1.0,0,0.0,0,10,0,0,0,0,0,0.0,0,0.0,0,0.0,0,0.0,0,6,4.0,0,0,0,0,,0
2021,Will,Haus,6.0,SSDM,7,0,0,0,0,0,0,5,0.0,2,0.4,1,0.0,0,10,1,6,0,0,0,0.0,0,0.0,0,0.0,0,0.0,0,1,1.0,0,0,0,0,,0
2021,Ryan,Beville,8.0,SSDM,2,0,0,0,0,0,0,0,0.0,0,0.0,0,0.0,0,3,0,2,0,0,0,0.0,0,0.0,0,0.0,0,0.0,0,1,0.5,0,0,0,0,,0
2021,Joel,White,11.0,LSM,9,4,2,2,0,2,2,6,0.3333333333333333,5,0.8333333333333334,2,0.0,2,40,4,13,0,0,0,0.0,0,0.0,0,0.0,0,0.0,0,1,1.0,0,0,0,0,,0
2021,John,Galloway,15.0,G,9,1,0,0,0,0,1,2,0.0,0,0.0,2,0.0,0,22,6,4,0,0,0,0.0,118,0.559241706161137,99,12.375000000000002,6,0.0,23040,0,0.0,0,0,0,0,,5
2021,Dylan,Molloy,17.0,A,3,10,6,6,0,6,4,20,0.3,10,0.5,0,0.0,0,6,5,1,0,0,0,0.0,0,0.0,0,0.0,0,0.0,0,1,0.5,0,0,0,0,,0
2021,Justin,Anderson,21.0,M,9,10,5,4,1,6,4,27,0.1851851851851851,19,0.7037037037037037,2,0.5,2,15,7,4,0,0,0,0.0,0,0.0,0,0.0,0,0.0,0,2,2.0,0,1,0,0,,0
2021,Ned,Crotty,22.0,M,9,9,0,0,0,0,9,26,0.0,8,0.3076923076923077,3,0.0,1,14,14,3,0,0,0,0.0,0,0.0,0,0.0,0,0.0,0,1,1.0,0,0,0,0,,0
2021,John,Moderski,24.0,D,9,0,0,0,0,0,0,1,0.0,0,0.0,0,0.0,0,17,1,9,0,0,0,0.0,0,0.0,0,0.0,0,0.0,0,2,2.0,0,0,0,0,,0
2021,Connor,Farrell,25.0,FO,9,2,2,2,0,2,0,2,1.0,2,1.0,0,0.0,0,58,11,1,217,104,113,0.4792626728110599,0,0.0,0,0.0,0,0.0,0,1,1.0,0,0,0,0,,0
2021,Brendan,Kavanagh,27.0,A,0,0,0,0,0,0,0,0,0.0,0,0.0,0,0.0,0,0,0,0,0,0,0,0.0,0,0.0,0,0.0,0,0.0,0,0,0.0,0,0,0,0,,0
2021,James,Barclay,28.0,D,9,1,0,0,0,0,1,0,0.0,0,0.0,0,0.0,0,9,3,7,0,0,0,0.0,0,0.0,0,0.0,0,0.0,0,0,0.0,0,0,0,0,,0
2021,Jordan,MacIntosh,29.0,M,9,19,16,16,0,16,3,50,0.32,33,0.66,3,0.0,3,17,11,2,8,3,5,0.375,0,0.0,0,0.0,0,0.0,0,1,0.5,1,4,0,0,,0
2021,John,Ranagan,31.0,M,9,8,4,4,0,4,4,24,0.1666666666666666,17,0.7083333333333334,4,0.0,2,3,14,2,1,0,1,0.0,0,0.0,0,0.0,0,0.0,0,1,0.5,0,0,0,0,,0
2021,Jordan,Wolf,33.0,A,1,2,0,0,0,0,2,3,0.0,2,0.6666666666666666,0,0.0,0,1,0,0,0,0,0,0.0,0,0.0,0,0.0,0,0.0,0,0,0.0,0,0,0,0,,0
2021,Ryan,Terefenko,34.0,SSDM,9,7,2,2,0,2,5,10,0.2,8,0.8,1,0.0,1,24,8,6,3,0,3,0.0,0,0.0,0,0.0,0,0.0,0,0,0.0,0,0,0,0,,0
2021,Jesse,Bernhardt,36.0,D,3,1,0,0,0,0,1,0,0.0,0,0.0,0,0.0,0,4,0,2,0,0,0,0.0,0,0.0,0,0.0,0,0.0,0,0,0.0,0,0,0,0,,0
2021,Sean,Sconone,50.0,G,9,0,0,0,0,0,0,0,0.0,0,0.0,0,0.0,0,3,0,0,0,0,0,0.0,8,0.380952380952381,16,16.0,3,0.0,2880,0,0.0,0,0,0,0,,1
2021,Greg,Weyl,57.0,D,9,1,1,1,0,1,0,2,0.5,2,1.0,1,0.0,1,11,1,11,0,0,0,0.0,0,0.0,0,0.0,0,0.0,0,1,1.0,0,0,0,0,,0
2021,Kevin,Rogers,77.0,M,6,14,8,7,1,9,5,25,0.32,15,0.6,2,0.5,1,4,4,0,0,0,0,0.0,0,0.0,0,0.0,0,0.0,0,0,0.0,0,0,0,0,,0
2021,Donny,Moss,80.0,D,2,1,0,0,0,0,1,1,0.0,0,0.0,0,0.0,0,1,1,1,0,0,0,0.0,0,0.0,0,0.0,0,0.0,0,0,0.0,0,0,0,0,,0
2021,Randy,Staats,83.0,A,0,0,0,0,0,0,0,0,0.0,0,0.0,0,0.0,0,0,0,0,0,0,0,0.0,0,0.0,0,0.0,0,0.0,0,0,0.0,0,0,0,0,,0
2021,Tommy,Palasek,84.0,A,4,6,2,2,0,2,4,9,0.2222222222222222,5,0.5555555555555556,0,0.0,0,3,8,1,0,0,0,0.0,0,0.0,0,0.0,0,0.0,0,1,0.5,0,0,0,0,,0
2021,Kyle,Hartzell,,LSM,3,1,0,0,0,0,1,1,0.0,0,0.0,1,0.0,0,2,1,2,4,2,2,0.5,0,0.0,0,0.0,0,0.0,0,1,1.0,0,0,0,0,,0
2021,Tim,Troutner,0.0,G,9,0,0,0,0,0,0,1,0.0,0,0.0,1,0.0,0,29,6,4,0,0,0,0.0,125,0.581395348837209,93,11.625000000000002,3,0.0,23040,0,0.0,0,0,0,0,,4
2021,Joe,Walters,1.0,M,0,0,0,0,0,0,0,0,0.0,0,0.0,0,0.0,0,0,0,0,0,0,0,0.0,0,0.0,0,0.0,0,0.0,0,0,0.0,0,0,0,0,,0
2021,Jack,Near,2.0,SSDM,7,0,0,0,0,0,0,5,0.0,3,0.6,2,0.0,1,12,2,1,0,0,0,0.0,0,0.0,0,0.0,0,0.0,0,0,0.0,0,0,0,1,,0
2021,Rob,Pannell,3.0,A,9,29,13,13,0,13,16,68,0.1911764705882352,37,0.5441176470588235,0,0.0,0,16,20,4,0,0,0,0.0,0,0.0,0,0.0,0,0.0,0,3,1.5,1,4,0,0,,0
2021,Drew,Simoneau,5.0,FO,3,0,0,0,0,0,0,2,0.0,1,0.5,0,0.0,0,12,5,0,74,31,43,0.4189189189189189,0,0.0,0,0.0,0,0.0,0,2,2.0,0,0,0,0,,0
2021,TD,Ierlan,6.0,FO,8,0,0,0,0,0,0,7,0.0,2,0.2857142857142857,0,0.0,0,79,5,5,203,132,71,0.6502463054187192,0,0.0,0,0.0,0,0.0,0,0,0.0,0,0,0,0,,0
2021,Jules,Heningburg,7.0,M,9,20,15,15,0,15,5,31,0.4838709677419355,27,0.8709677419354839,0,0.0,0,6,12,0,0,0,0,0.0,0,0.0,0,0.0,0,0.0,0,0,0.0,3,4,0,0,,0
2021,Matt,Kavanagh,10.0,A,9,20,15,15,0,15,5,53,0.2830188679245283,31,0.5849056603773585,1,0.0,1,10,10,1,0,0,0,0.0,0,0.0,0,0.0,0,0.0,0,1,1.0,0,1,0,0,,0
2021,Myles,Jones,15.0,M,9,32,14,13,1,15,17,39,0.358974358974359,26,0.6666666666666666,6,0.1666666666666666,5,14,13,2,0,0,0,0.0,0,0.0,0,0.0,0,0.0,0,0,0.0,1,3,0,0,,0
2021,Sergio,Perkovic,16.0,M,9,24,14,9,5,19,5,43,0.3255813953488372,27,0.627906976744186,12,0.4166666666666667,8,12,10,2,0,0,0,0.0,0,0.0,0,0.0,0,0.0,0,1,0.5,4,4,0,0,,0
2021,Kyle,Harrison,18.0,M,9,6,4,3,1,5,1,17,0.2352941176470588,10,0.5882352941176471,3,0.3333333333333333,2,2,2,0,0,0,0,0.0,0,0.0,0,0.0,0,0.0,0,0,0.0,0,0,0,0,,0
2021,Charlie,Leonard,47.0,FO,1,0,0,0,0,0,0,1,0.0,1,1.0,0,0.0,0,4,2,0,17,5,12,0.2941176470588235,0,0.0,0,0.0,0,0.0,0,0,0.0,0,0,0,0,,0
2021,Ryder,Garnsey,50.0,A,9,15,14,14,0,14,1,45,0.3111111111111111,23,0.5111111111111111,1,0.0,0,10,16,0,0,0,0,0.0,0,0.0,0,0.0,0,0.0,0,0,0.0,0,2,1,1,,0
2021,Garrett,Epple,52.0,D,9,2,2,2,0,2,0,7,0.2857142857142857,5,0.7142857142857143,4,0.0,3,20,3,16,0,0,0,0.0,0,0.0,0,0.0,0,0.0,0,2,2.0,0,0,0,1,,0
2021,Jack,Kelly,94.0,G,9,0,0,0,0,0,0,0,0.0,0,0.0,0,0.0,0,3,1,0,0,0,0,0.0,10,0.434782608695652,13,12.999999999999998,0,0.0,2880,0,0.0,0,0,0,0,,0
2021,Matt,DeLuca,1.0,G,7,0,0,0,0,0,0,0,0.0,0,0.0,0,0.0,0,0,0,0,0,0,0,0.0,0,0.0,1,9.56810631229236,0,0.0,301,0,0.0,0,0,0,0,,0
2021,Ben,Reeves,2.0,A,8,11,8,8,0,8,3,23,0.3478260869565217,15,0.6521739130434783,0,0.0,0,4,14,0,0,0,0,0.0,0,0.0,0,0.0,0,0.0,0,0,0.0,0,0,0,0,,0
2021,Ryan,Brown,4.0,A,9,21,20,20,0,20,1,70,0.2857142857142857,37,0.5285714285714286,7,0.0,5,17,4,1,0,0,0,0.0,0,0.0,0,0.0,0,0.0,0,2,1.5,1,12,0,0,,0
2021,Michael,Kraus,5.0,A,4,4,1,1,0,1,3,11,0.0909090909090909,6,0.5454545454545454,1,0.0,1,2,6,1,0,0,0,0.0,0,0.0,0,0.0,0,0.0,0,0,0.0,0,1,0,0,,0
2021,Kieran,McArdle,6.0,A,8,25,12,11,1,13,12,45,0.2666666666666666,30,0.6666666666666666,2,0.5,2,12,19,0,0,0,0,0.0,0,0.0,0,0.0,0,0.0,0,1,1.0,1,4,0,0,,0
2021,Steven,DeNapoli,7.0,SSDM,9,3,3,3,0,3,0,7,0.4285714285714285,4,0.5714285714285714,0,0.0,0,6,5,7,0,0,0,0.0,0,0.0,0,0.0,0,0.0,0,3,2.0,0,0,0,0,,0
2021,Charlie,Cipriano,12.0,G,2,0,0,0,0,0,0,0,0.0,0,0.0,0,0.0,0,3,1,0,0,0,0,0.0,2,0.285714285714286,6,19.11504424778761,1,0.0,904,0,0.0,0,0,0,0,,0
2021,Ryan,Conrad,15.0,M,9,6,5,5,0,5,1,13,0.3846153846153846,6,0.4615384615384615,2,0.0,0,11,11,4,4,0,4,0.0,0,0.0,0,0.0,0,0.0,0,2,1.5,0,0,0,0,,0
2021,Chris,Sabia,16.0,D,8,1,1,1,0,1,0,1,1.0,1,1.0,0,0.0,0,13,0,4,0,0,0,0.0,0,0.0,0,0.0,0,0.0,0,1,1.0,0,0,0,0,,0
2021,Ryland,Rees,17.0,LSM,9,6,3,0,3,6,0,10,0.3,5,0.5,8,0.375,4,30,4,7,0,0,0,0.0,0,0.0,0,0.0,0,0.0,0,0,0.0,0,0,0,0,,0
2021,Jake,Withers,18.0,FO,9,3,2,2,0,2,1,8,0.25,3,0.375,0,0.0,0,55,6,7,215,117,98,0.5441860465116279,0,0.0,0,0.0,0,0.0,0,1,1.0,0,0,0,0,,0
2021,Liam,Byrnes,21.0,D,9,0,0,0,0,0,0,0,0.0,0,0.0,0,0.0,0,21,5,20,0,0,0,0.0,0,0.0,0,0.0,0,0.0,0,1,1.0,0,0,0,0,,0
2021,Michael,Sowers,22.0,A,1,2,2,2,0,2,0,6,0.3333333333333333,5,0.8333333333333334,0,0.0,0,0,3,0,0,0,0,0.0,0,0.0,0,0.0,0,0.0,0,0,0.0,0,0,0,0,,0
2021,Drew,Snider,23.0,M,5,3,2,2,0,2,1,10,0.2,4,0.4,0,0.0,0,8,4,1,0,0,0,0.0,0,0.0,0,0.0,0,0.0,0,0,0.0,0,2,0,0,,0
2021,Eli,Gobrecht,25.0,D,9,3,1,0,1,2,1,1,1.0,1,1.0,1,1.0,1,23,3,14,0,0,0,0.0,0,0.0,0,0.0,0,0.0,0,1,1.0,0,0,0,0,,0
2021,Matt,Whitcher,33.0,SSDM,4,1,1,1,0,1,0,1,1.0,1,1.0,0,0.0,0,5,1,1,0,0,0,0.0,0,0.0,0,0.0,0,0.0,0,0,0.0,0,0,0,0,,0
2021,Dillon,Ward,37.0,G,9,1,0,0,0,0,1,1,0.0,0,0.0,1,0.0,0,19,1,1,0,0,0,0.0,95,0.53072625698324,91,10.922275474057097,7,0.0,23995,0,0.0,0,0,0,0,,4
2021,Connor,Kelly,40.0,M,8,21,11,9,2,13,8,59,0.1864406779661017,30,0.5084745762711864,15,0.1333333333333333,6,4,10,1,0,0,0,0.0,0,0.0,0,0.0,0,0.0,0,0,0.0,1,7,0,0,,0
2021,Ben,Randall,44.0,D,7,0,0,0,0,0,0,2,0.0,0,0.0,2,0.0,0,11,2,12,0,0,0,0.0,0,0.0,0,0.0,0,0.0,0,0,0.0,0,0,0,0,,0
2021,Christian,Scarpello,50.0,M,7,0,0,0,0,0,0,0,0.0,0,0.0,0,0.0,0,9,2,2,0,0,0,0.0,0,0.0,0,0.0,0,0.0,0,0,0.0,0,0,0,0,,0
2021,Ethan,Walker,57.0,M,5,14,4,4,0,4,10,14,0.2857142857142857,10,0.7142857142857143,0,0.0,0,10,8,2,0,0,0,0.0,0,0.0,0,0.0,0,0.0,0,0,0.0,0,1,0,0,,0
2021,Mikie,Schlosser,59.0,M,9,15,13,12,1,14,1,38,0.3421052631578947,26,0.6842105263157895,2,0.5,2,9,6,0,0,0,0,0.0,0,0.0,0,0.0,0,0.0,0,1,0.5,0,2,0,0,,0
2021,Zach,Currier,77.0,M,9,22,11,11,0,11,11,40,0.275,24,0.6,1,0.0,1,51,17,7,7,1,6,0.1428571428571428,0,0.0,0,0.0,0,0.0,0,0,0.0,1,3,0,0,,0
2021,Ben,McIntosh,90.0,M,4,3,3,3,0,3,0,11,0.2727272727272727,8,0.7272727272727273,1,0.0,1,3,2,0,0,0,0,0.0,0,0.0,0,0.0,0,0.0,0,0,0.0,1,3,0,0,,0
2021,Mike,Chanenchuk,1.0,M,9,16,8,6,2,10,6,51,0.1568627450980392,29,0.5686274509803921,18,0.1111111111111111,14,9,8,2,0,0,0,0.0,0,0.0,0,0.0,0,0.0,0,0,0.0,0,4,0,0,,0
2021,Matt,Abbott,3.0,SSDM,8,2,1,1,0,1,1,6,0.1666666666666666,4,0.6666666666666666,2,0.0,2,33,4,6,0,0,0,0.0,0,0.0,0,0.0,0,0.0,0,1,0.5,0,0,0,0,,0
2021,Bryce,Young,6.0,D,9,0,0,0,0,0,0,1,0.0,0,0.0,1,0.0,0,19,3,8,0,0,0,0.0,0,0.0,0,0.0,0,0.0,0,0,0.0,0,0,0,0,,0
2021,Matt,Rambo,9.0,A,6,18,12,12,0,12,6,45,0.2666666666666666,25,0.5555555555555556,0,0.0,0,11,15,1,0,0,0,0.0,0,0.0,0,0.0,0,0.0,0,0,0.0,1,1,0,0,,0
2021,Charlie,Hayes,23.0,SSDM,6,0,0,0,0,0,0,1,0.0,1,1.0,0,0.0,0,10,1,1,0,0,0,0.0,0,0.0,0,0.0,0,0.0,0,0,0.0,0,0,0,0,,0
2021,John,Haus,26.0,M,8,12,6,6,0,6,6,48,0.125,26,0.5416666666666666,5,0.0,2,14,11,0,0,0,0,0.0,0,0.0,0,0.0,0,0.0,0,2,0.0,0,0,0,0,,0
2021,Brad,Smith,27.0,M,9,21,11,11,0,11,10,47,0.2340425531914893,25,0.5319148936170213,6,0.0,3,14,7,0,0,0,0,0.0,0,0.0,0,0.0,0,0.0,0,0,0.0,2,3,0,0,,0
2021,Michael,Ehrhardt,28.0,LSM,8,7,2,0,2,4,3,13,0.1538461538461538,6,0.4615384615384615,10,0.2,5,32,5,6,1,0,1,0.0,0,0.0,0,0.0,0,0.0,0,0,0.0,0,0,0,1,,0
2021,Jay,Carlson,32.0,A,9,18,18,18,0,18,0,47,0.3829787234042553,29,0.6170212765957447,1,0.0,1,25,8,3,0,0,0,0.0,0,0.0,0,0.0,0,0.0,0,0,0.0,4,7,0,1,,0
2021,Matthew,Dunn,33.0,D,9,2,0,0,0,0,2,1,0.0,1,1.0,1,0.0,1,18,1,8,0,0,0,0.0,0,0.0,0,0.0,0,0.0,0,1,0.5,0,0,0,0,,0
